id,department_id,year_level,semester,course_code,course_title,lecture_hours,lab_hours,credits,plan_option1,6,Freshman,Semester 1,MATH 101,Calculus I,4,0,4,2
2,6,Freshman,Semester 1,PHYS 101,General Physics I,3,3,4,2
3,6,Freshman,Semester 1,ENGL 101,Introduction to Academic Discourse,3,0,3,2
4,6,Freshman,Semester 1,ICS 104,Introduction to Programming in Python and C,2,3,3,2
5,6,Freshman,Semester 1,IAS 111,Belief and its Consequences,2,0,2,2
6,6,Freshman,Semester 1,PE 101,Physical Education III,0,2,1,2
7,6,Freshman,Semester 2,CHEM 101,Principles of Chemical Science I,3,3,4,2
8,6,Freshman,Semester 2,MATH 102,Calculus II,4,0,4,2
9,6,Freshman,Semester 2,PHYS 102,General Physics II,3,3,4,2
10,6,Freshman,Semester 2,ENGL 102,Introduction to Argument Writing,3,0,3,2
11,6,Freshman,Semester 2,IAS 121,Language Foundation,2,0,2,2
12,6,Sophomore,Semester 1,ARE 201,Architectural Graphics,0,6,2,2
13,6,Sophomore,Semester 1,ARE 220,Fundamentals of Thermal Science,3,0,3,2
14,6,Sophomore,Semester 1,ARE 230,Building Materials and Construction Systems,3,3,4,2
15,6,Sophomore,Semester 1,MATH 201,Calculus III,3,0,3,2
16,6,Sophomore,Semester 1,ENGL 214,Academic & Professional Communication,3,0,3,2
17,6,Sophomore,Semester 1,ISE 291,Introduction to Data Science,3,0,3,2
18,6,Sophomore,Semester 2,ARE 202,Architectural Design & History,1,6,3,2
19,6,Sophomore,Semester 2,EE 236,Electronic Circuits (Non-EE students),3,0,3,2
20,6,Sophomore,Semester 2,CE 202,Statics & Strength of Materials,3,0,3,2
21,6,Sophomore,Semester 2,MATH 208,Differential Equations and Linear Algebra,3,0,3,2
22,6,Sophomore,Semester 2,COE 292,Introduction to Artificial Intelligence,3,0,3,2
23,6,Sophomore,Semester 2,IAS 212,Ethics and Governance,2,0,2,2
24,6,Junior,Semester 1,ARE 301,Architectural Design,0,9,3,2
25,6,Junior,Semester 1,ARE 322,Building Mechanical Systems,2,3,3,2
26,6,Junior,Semester 1,ARE 330,Construction Management and Estimating,3,0,3,2
27,6,Junior,Semester 1,EE 312,Electrical Systems & Lighting (ARE Students only),3,3,4,2
28,6,Junior,Semester 1,CE 305,Structural Analysis I,3,0,3,2
29,6,Junior,Semester 2,ARE 303,Working Drawings,0,9,3,2
30,6,Junior,Semester 2,ARE 323,"Principles of Heating, Ventilating, and Air-Conditioning",3,0,3,2
31,6,Junior,Semester 2,ARE 331,Construction Economy and Equipment,3,0,3,2
32,6,Junior,Semester 2,CE 315,Reinforced Concrete I,2,3,3,2
33,6,Junior,Semester 2,BUS 200,Business & Entrepreneurship,3,0,3,2
34,6,Junior,Semester 2,CGS 392,Career Essentials,0,2,1,2
35,6,Junior,Summer Semester,ARE 399,Summer Training,0,0,1,2
36,6,Senior,Semester 1,ARE 411,Senior Design Project I,0,1,0,2
37,6,Senior,Semester 1,STAT 201,Probability and Statistics for Engineers and Scientists,3,1,3,2
38,6,Senior,Semester 2,ARE 412,Senior Design Project II,0,6,3,2
39,6,Freshman,Semester 1,MATH 101,Calculus I,4,0,4,1
40,6,Freshman,Semester 1,PHYS 101,General Physics I,3,3,4,1
41,6,Freshman,Semester 1,ENGL 101,Introduction to Academic Discourse,3,0,3,1
42,6,Freshman,Semester 1,ICS 104,Introduction to Programming in Python and C,2,3,3,1
43,6,Freshman,Semester 1,IAS 111,Belief and its Consequences,2,0,2,1
44,6,Freshman,Semester 1,PE 101,Physical Education III,0,2,1,1
45,6,Freshman,Semester 2,CHEM 101,Principles of Chemical Science I,3,3,4,1
46,6,Freshman,Semester 2,MATH 102,Calculus II,4,0,4,1
47,6,Freshman,Semester 2,PHYS 102,General Physics II,3,3,4,1
48,6,Freshman,Semester 2,ENGL 102,Introduction to Argument Writing,3,0,3,1
49,6,Freshman,Semester 2,IAS 121,Language Foundation,2,0,2,1
50,6,Sophomore,Semester 1,ARE 201,Architectural Graphics,0,6,2,1
51,6,Sophomore,Semester 1,ARE 220,Fundamentals of Thermal Science,3,0,3,1
52,6,Sophomore,Semester 1,ARE 230,Building Materials and Construction Systems,3,3,4,1
53,6,Sophomore,Semester 1,MATH 201,Calculus III,3,0,3,1
54,6,Sophomore,Semester 1,ENGL 214,Academic & Professional Communication,3,0,3,1
55,6,Sophomore,Semester 1,ISE 291,Introduction to Data Science,3,0,3,1
56,6,Sophomore,Semester 2,ARE 202,Architectural Design & History,1,6,3,1
57,6,Sophomore,Semester 2,EE 236,Electronic Circuits (Non-EE students),3,0,3,1
58,6,Sophomore,Semester 2,CE 202,Statics & Strength of Materials,3,0,3,1
59,6,Sophomore,Semester 2,MATH 208,Differential Equations and Linear Algebra,3,0,3,1
60,6,Sophomore,Semester 2,COE 292,Introduction to Artificial Intelligence,3,0,3,1
61,6,Sophomore,Semester 2,IAS 212,Ethics and Governance,2,0,2,1
62,6,Junior,Semester 1,ARE 301,Architectural Design,0,9,3,1
63,6,Junior,Semester 1,ARE 322,Building Mechanical Systems,2,3,3,1
64,6,Junior,Semester 1,ARE 330,Construction Management and Estimating,3,0,3,1
65,6,Junior,Semester 1,EE 312,Electrical Systems & Lighting (ARE Students only),3,3,4,1
66,6,Junior,Semester 1,CE 305,Structural Analysis I,3,0,3,1
67,6,Junior,Semester 2,ARE 303,Working Drawings,0,9,3,1
68,6,Junior,Semester 2,ARE 323,"Principles of Heating, Ventilating, and Air-Conditioning",3,0,3,1
69,6,Junior,Semester 2,ARE 331,Construction Economy and Equipment,3,0,3,1
70,6,Junior,Semester 2,CE 315,Reinforced Concrete I,2,3,3,1
71,6,Junior,Semester 2,BUS 200,Business & Entrepreneurship,3,0,3,1
72,6,Junior,Semester 2,CGS 392,Career Essentials,0,2,1,1
73,6,Senior,Semester 1,ARE 398,Internship,0,0,6,1
74,6,Senior,Semester 1,ARE 411,Senior Design Project I,0,1,0,1
75,6,Senior,Semester 2,ARE 412,Senior Design Project II,0,6,3,1
76,6,Senior,Semester 2,STAT 201,Probability and Statistics for Engineers and Scientists,3,1,3,1
77,17,Freshman,Semester 1,CHEM 101,Principles of Chemical Science I,3,3,4,1
78,17,Freshman,Semester 1,ENGL 101,Introduction to Academic Discourse,3,0,3,1
79,17,Freshman,Semester 1,IAS 121,Language Foundation,2,0,2,1
80,17,Freshman,Semester 1,MATH 101,Calculus I,4,0,4,1
81,17,Freshman,Semester 1,PHYS 101,General Physics I,3,3,4,1
82,17,Freshman,Semester 2,ENGL 102,Introduction to Argument Writing,3,0,3,1
83,17,Freshman,Semester 2,IAS 111,Belief and its Consequences,2,0,2,1
84,17,Freshman,Semester 2,ICS 104,Introduction to Programming in Python and C,2,3,3,1
85,17,Freshman,Semester 2,MATH 102,Calculus II,4,0,4,1
86,17,Freshman,Semester 2,PHYS 102,General Physics II,3,3,4,1
87,17,Freshman,Semester 2,PE 101,Physical Education III,0,2,1,1
88,17,Sophomore,Semester 1,ENGL 214,Academic & Professional Communication,3,0,3,1
89,17,Sophomore,Semester 1,AE 211,Fundamentals of Thermo-Fluids,3,0,3,1
90,17,Sophomore,Semester 1,ISE 291,Introduction to Data Science,3,0,3,1
91,17,Sophomore,Semester 1,MATH 201,Calculus III,3,0,3,1
92,17,Sophomore,Semester 1,CE 201,Statics,3,0,3,1
93,17,Sophomore,Semester 1,AE 222,Introduction to Aerospace Engineering,3,0,3,1
94,17,Sophomore,Semester 2,AE 228,Introduction to AE Structures and Materials,3,0,3,1
95,17,Sophomore,Semester 2,COE 292,Introduction to Artificial Intelligence,3,0,3,1
96,17,Sophomore,Semester 2,IAS 212,Ethics and Governance,2,0,2,1
97,17,Sophomore,Semester 2,MATH 208,Differential Equations and Linear Algebra,3,0,3,1
98,17,Sophomore,Semester 2,ME 201,Dynamics,3,0,3,1
99,17,Sophomore,Semester 2,AE 223,Fluid Mechanics Lab,0,3,1,1
100,17,Junior,Semester 1,ME 210,Mechanical Engineering Drawing and Graphics,2,3,3,1
101,17,Junior,Semester 1,AE 314,Systems and Control,3,0,3,1
102,17,Junior,Semester 1,AE 315,Systems and Control Lab,0,3,1,1
103,17,Junior,Semester 1,MATH 371,Numerical Computing,2,2,3,1
104,17,Junior,Semester 2,AE 333,Aerodynamics I,3,0,3,1
105,17,Junior,Semester 2,AE 325,Gas Dynamics I,3,0,3,1
106,17,Junior,Semester 2,BUS 200,Business & Entrepreneurship,3,0,3,1
107,17,Junior,Semester 2,AE 328,Flight Structures I,3,0,3,1
108,17,Junior,Semester 2,CGS 392,Career Essentials,0,2,1,1
109,17,Junior,Semester 2,AE 321,Structures and Materials Lab,0,3,1,1
110,17,Junior,Semester 2,AE 358,Computer Aided Engineering Lab,0,3,1,1
111,17,Senior,Semester 1,AE 398,Aerospace Engineering Internship,0,0,6,1
112,17,Senior,Semester 1,AE 411,Senior Design Project I,0,1,0,1
113,17,Senior,Semester 2,AE 412,Senior Design Project II,0,6,3,1
114,17,Senior,Semester 2,AE 426,Flight Dynamics I,3,0,3,1
115,17,Senior,Semester 2,AE 427,Aerospace Vehicle Design,3,0,3,1
116,17,Senior,Semester 2,AE 422,Flight Propulsion I,3,0,3,1
117,17,Senior,Semester 2,AE 423,Aerodynamic and Propulsion Lab,0,3,1,1
118,17,Freshman,Semester 1,CHEM 101,Principles of Chemical Science I,3,3,4,2
119,17,Freshman,Semester 1,ENGL 101,Introduction to Academic Discourse,3,0,3,2
120,17,Freshman,Semester 1,MATH 101,Calculus I,4,0,4,2
121,17,Freshman,Semester 1,PHYS 101,General Physics I,3,3,4,2
122,17,Freshman,Semester 1,IAS 121,Language Foundation,2,0,2,2
123,17,Freshman,Semester 2,IAS 111,Belief and its Consequences,2,0,2,2
124,17,Freshman,Semester 2,ICS 104,Introduction to Programming in Python and C,2,3,3,2
125,17,Freshman,Semester 2,MATH 102,Calculus II,4,0,4,2
126,17,Freshman,Semester 2,PHYS 102,General Physics II,3,3,4,2
127,17,Freshman,Semester 2,ENGL 102,Introduction to Argument Writing,3,0,3,2
128,17,Freshman,Semester 2,PE 101,Physical Education III,0,2,1,2
129,17,Sophomore,Semester 1,AE 211,Fundamentals of Thermo-Fluids,3,0,3,2
130,17,Sophomore,Semester 1,AE 222,Introduction to Aerospace Engineering,3,0,3,2
131,17,Sophomore,Semester 1,ENGL 214,Academic & Professional Communication,3,0,3,2
132,17,Sophomore,Semester 1,ISE 291,Introduction to Data Science,3,0,3,2
133,17,Sophomore,Semester 1,MATH 201,Calculus III,3,0,3,2
134,17,Sophomore,Semester 1,CE 201,Statics,3,0,3,2
135,17,Sophomore,Semester 2,AE 228,Introduction to AE Structures and Materials,3,0,3,2
136,17,Sophomore,Semester 2,COE 292,Introduction to Artificial Intelligence,3,0,3,2
137,17,Sophomore,Semester 2,MATH 208,Differential Equations and Linear Algebra,3,0,3,2
138,17,Sophomore,Semester 2,ME 201,Dynamics,3,0,3,2
139,17,Sophomore,Semester 2,AE 223,Fluid Mechanics Lab,0,3,1,2
140,17,Sophomore,Semester 2,IAS 212,Ethics and Governance,2,0,2,2
141,17,Junior,Semester 1,ME 210,Mechanical Engineering Drawing and Graphics,2,3,3,2
142,17,Junior,Semester 1,MATH 371,Numerical Computing,2,2,3,2
143,17,Junior,Semester 1,AE 314,Systems and Control,3,0,3,2
144,17,Junior,Semester 1,AE 315,Systems and Control Lab,0,3,1,2
145,17,Junior,Semester 2,AE 325,Gas Dynamics I,3,0,3,2
146,17,Junior,Semester 2,AE 328,Flight Structures I,3,0,3,2
147,17,Junior,Semester 2,AE 333,Aerodynamics I,3,0,3,2
148,17,Junior,Semester 2,BUS 200,Business & Entrepreneurship,3,0,3,2
149,17,Junior,Semester 2,CGS 392,Career Essentials,0,2,1,2
150,17,Junior,Semester 2,AE 321,Structures and Materials Lab,0,3,1,2
151,17,Junior,Semester 2,AE 358,Computer Aided Engineering Lab,0,3,1,2
152,17,Junior,Summer Semester,AE 399,Summer Training,0,0,1,2
153,17,Senior,Semester 1,AE 411,Senior Design Project I,0,1,0,2
154,17,Senior,Semester 1,AE 422,Flight Propulsion I,3,0,3,2
155,17,Senior,Semester 2,AE 426,Flight Dynamics I,3,0,3,2
156,17,Senior,Semester 2,AE 427,Aerospace Vehicle Design,3,0,3,2
157,17,Senior,Semester 2,AE 412,Senior Design Project II,0,6,3,2
158,17,Senior,Semester 2,AE 423,Aerodynamic and Propulsion Lab,0,3,1,2
159,23,Freshman,Semester 1,ECON 101,Principles Of Microeconomics,3,0,3,0
160,23,Freshman,Semester 1,ENGL 101,Introduction to Academic Discourse,3,0,3,0
161,23,Freshman,Semester 1,ACCT 110,Introduction to Financial Accounting,3,0,3,0
162,23,Freshman,Semester 1,IAS 121,Language Foundation,2,0,2,0
163,23,Freshman,Semester 1,MATH 101,Calculus I,4,0,4,0
164,23,Freshman,Semester 1,PE 101,Physical Education III,0,2,1,0
165,23,Freshman,Semester 2,ECON 102,Principles of Macroeconomics,3,0,3,0
166,23,Freshman,Semester 2,ENGL 102,Introduction to Argument Writing,3,0,3,0
167,23,Freshman,Semester 2,ACCT 210,Introduction to Managerial Accounting,3,0,3,0
168,23,Freshman,Semester 2,IAS 111,Belief and its Consequences,2,0,2,0
169,23,Freshman,Semester 2,MATH 102,Calculus II,4,0,4,0
170,23,Freshman,Semester 2,ICS 104,Introduction to Programming in Python and C,2,3,3,0
171,23,Sophomore,Semester 1,BUS 200,Business & Entrepreneurship,3,0,3,0
172,23,Sophomore,Semester 1,AS 201,Financial Mathematics,3,0,3,0
173,23,Sophomore,Semester 1,ISE 291,Introduction to Data Science,3,0,3,0
174,23,Sophomore,Semester 1,IAS 212,Ethics and Governance,2,0,2,0
175,23,Sophomore,Semester 1,MATH 201,Calculus III,3,0,3,0
176,23,Sophomore,Semester 1,STAT 214,Actuaries and Business Statistics,3,2,4,0
177,23,Sophomore,Semester 2,FIN 250,Financial Management,3,0,3,0
178,23,Sophomore,Semester 2,AS 289,Actuarial Science Problem Lab I,0,2,1,0
179,23,Sophomore,Semester 2,AS 251,Maths of Financial Derivatives,2,2,3,0
180,23,Sophomore,Semester 2,MATH 208,Differential Equations and Linear Algebra,3,0,3,0
181,23,Sophomore,Semester 2,STAT 301,Probability Theory and Mathematical Statistics,3,0,3,0
182,23,Sophomore,Semester 2,ENGL 214,Academic & Professional Communication,3,0,3,0
183,23,Junior,Semester 1,FIN 320,Investments,3,0,3,0
184,23,Junior,Semester 1,AS 380,Actuarial Contingencies I,2,2,3,0
185,23,Junior,Semester 1,MATH 371,Numerical Computing,2,2,3,0
186,23,Junior,Semester 1,CGS 392,Career Essentials,0,2,1,0
187,23,Junior,Semester 1,STAT 302,Statistical Inference,3,0,3,0
188,23,Junior,Semester 1,STAT 310,Regression Analysis,3,0,3,0
189,23,Junior,Semester 2,AS 398,Internship,0,0,6,0
190,23,Senior,Semester 1,AS 411,Senior Project I,0,1,0,0
191,23,Senior,Semester 1,STAT 416,Stochastic Processes for Actuaries,3,0,3,0
192,23,Senior,Semester 1,AS 389,Actuarial Science Problem Lab II,0,2,1,0
193,23,Senior,Semester 1,AS 484,Actuarial Risk Theory and Credibility,3,2,4,0
194,23,Senior,Semester 1,COE 292,Introduction to Artificial Intelligence,3,0,3,0
195,23,Senior,Semester 2,AS 412,Senior Project II,0,6,3,0
196,23,Senior,Semester 2,AS 481,Actuarial Contingencies II,3,2,4,0
197,23,Senior,Semester 2,FIN 440,Islamic Finance,3,0,3,0
198,23,Senior,Semester 2,STAT 460,Time Series,3,0,3,0
199,1,Freshman,Semester 1,MATH 105,Finite Mathematics,3,0,3,2
200,1,Freshman,Semester 1,ACCT 110,Introduction to Financial Accounting,3,0,3,2
201,1,Freshman,Semester 1,ENGL 101,Introduction to Academic Discourse,3,0,3,2
202,1,Freshman,Semester 1,ECON 101,Principles Of Microeconomics,3,0,3,2
203,1,Freshman,Semester 1,BUS 200,Business & Entrepreneurship,3,0,3,2
204,1,Freshman,Semester 1,IAS 111,Belief and its Consequences,2,0,2,2
205,1,Freshman,Semester 1,MIS 101,Business Computing,0,3,1,2
206,1,Freshman,Semester 2,ENGL 102,Introduction to Argument Writing,3,0,3,2
207,1,Freshman,Semester 2,MATH 106,Calculus for Business,3,0,3,2
208,1,Freshman,Semester 2,ACCT 210,Introduction to Managerial Accounting,3,0,3,2
209,1,Freshman,Semester 2,ECON 102,Principles of Macroeconomics,3,0,3,2
210,1,Freshman,Semester 2,ICS 104,Introduction to Programming in Python and C,2,3,3,2
211,1,Freshman,Semester 2,MIS 215,Principles of Management Information Systems,3,0,3,2
212,1,Sophomore,Semester 1,ENGL 214,Academic & Professional Communication,3,0,3,2
213,1,Sophomore,Semester 1,FIN 250,Financial Management,3,0,3,2
214,1,Sophomore,Semester 1,STAT 211,Statistics for Business I,3,0,3,2
215,1,Sophomore,Semester 1,IAS 121,Language Foundation,2,0,2,2
216,1,Sophomore,Semester 1,MGT 301,Principles of Management,3,0,3,2
217,1,Sophomore,Semester 1,ACCT 300,Accounting Information Systems,2,2,3,2
218,1,Sophomore,Semester 1,PE 101,Physical Education III,0,2,1,2
219,1,Sophomore,Semester 2,MGT 210,Business Communication,3,0,3,2
220,1,Sophomore,Semester 2,MKT 250,Principles of Marketing,3,0,3,2
221,1,Sophomore,Semester 2,STAT 212,Statistics for Business II,3,0,3,2
222,1,Sophomore,Semester 2,OM 210,Operations Management,3,0,3,2
223,1,Sophomore,Semester 2,ISE 291,Introduction to Data Science,3,0,3,2
224,1,Sophomore,Semester 2,ACCT 301,Intermediate Accounting I,3,0,3,2
225,1,Junior,Semester 1,OM 311,Business Analytics,3,0,3,2
226,1,Junior,Semester 1,COE 292,Introduction to Artificial Intelligence,3,0,3,2
227,1,Junior,Semester 1,ECON 306,Economy of Saudi Arabia,3,0,3,2
228,1,Junior,Semester 1,ACCT 302,Intermediate Accounting II,3,0,3,2
229,1,Junior,Semester 1,ACCT 311,Auditing,3,0,3,2
230,1,Junior,Semester 2,MGT 355,Business Research Methods,3,0,3,2
231,1,Junior,Semester 2,CGS 392,Career Essentials,0,2,1,2
232,1,Junior,Semester 2,IAS 212,Ethics and Governance,2,0,2,2
233,1,Junior,Semester 2,ACCT 410,Cost Accounting,3,0,3,2
234,1,Senior,Semester 1,ACCT 398,Internship,0,0,6,2
235,1,Senior,Semester 2,MGT 449,Strategic Management,3,0,3,2
236,1,Senior,Semester 2,IAS 418,Contemporary Financial Transactions in Islam,2,0,2,2
237,1,Senior,Semester 2,ACCT 403,Advanced Accounting,3,0,3,2
238,7,Freshman,Semester 1,ARC 102,Design Studio I,0,0,3,0
239,7,Freshman,Semester 1,ARC 113,Architectural Communication I,0,6,3,0
240,7,Freshman,Semester 1,ARC 121,Hisrory of Architecture I,3,0,3,0
241,7,Freshman,Semester 1,ENGL 101,Introduction to Academic Discourse,3,0,3,0
242,7,Freshman,Semester 1,IAS 111,Belief and its Consequences,2,0,2,0
243,7,Freshman,Semester 2,ARC 103,Design Studio II,0,0,3,0
244,7,Freshman,Semester 2,ARC 114,Architectural Communication II,0,6,3,0
245,7,Freshman,Semester 2,ARC 122,Historyof Architecture II,3,0,3,0
246,7,Freshman,Semester 2,ENGL 102,Introduction to Argument Writing,3,0,3,0
247,7,Freshman,Semester 2,MATH 106,Calculus for Business,3,0,3,0
248,7,Freshman,Semester 2,ICS 104,Introduction to Programming in Python and C,2,3,3,0
249,7,Freshman,Summer Semester,IAS 121,Language Foundation,2,0,2,0
250,7,Freshman,Summer Semester,PE 101,Physical Education III,0,2,1,0
251,7,Sophomore,Semester 1,ARC 204,Architecrural Design Studio lll,0,0,5,0
252,7,Sophomore,Semester 1,ARC 213,Digital Communication I,0,6,3,0
253,7,Sophomore,Semester 1,ARC 226,Theory of Archirecrure I,2,0,2,0
254,7,Sophomore,Semester 1,ARC 231,Structure in Architecture I,3,0,3,0
255,7,Sophomore,Semester 1,ARE 230,Building Materials and Construction Systems,3,3,4,0
256,7,Sophomore,Semester 2,ARC 205,Architectural Design Studio lV,0,0,5,0
257,7,Sophomore,Semester 2,ARC 214,Digital Communication ll,0,6,3,0
258,7,Sophomore,Semester 2,ARC 229,Theory of Architecture II,2,0,2,0
259,7,Sophomore,Semester 2,ARC 232,Structure in Architecture II,3,0,3,0
260,7,Sophomore,Semester 2,ISE 291,Introduction to Data Science,3,0,3,0
261,7,Sophomore,Semester 2,IAS 212,Ethics and Governance,2,0,2,0
262,7,Sophomore,Summer Semester,ENGL 214,Academic & Professional Communication,3,0,3,0
263,7,Junior,Semester 1,ARC 306,Architectural Design Studio V,0,0,5,0
264,7,Junior,Semester 1,ARC 355,Human Factors in Architecture,3,0,3,0
265,7,Junior,Semester 1,ARE 322,Building Mechanical Systems,2,3,3,0
266,7,Junior,Semester 1,COE 292,Introduction to Artificial Intelligence,3,0,3,0
267,7,Junior,Semester 1,BUS 200,Business & Entrepreneurship,3,0,3,0
268,7,Junior,Semester 2,ARC 307,Architectural Design Studio VI,0,0,5,0
269,7,Junior,Semester 2,ARC 345,Working Drawings,0,6,3,0
270,7,Junior,Semester 2,ARC 356,Principles of Sustainable Design,3,0,3,0
271,7,Junior,Semester 2,ARC 357,Urban Design,3,0,3,0
272,7,Junior,Semester 2,ARE 328,Architectural Acoustics & Illumination,3,0,3,0
273,7,Junior,Semester 2,CGS 392,Career Essentials,0,2,1,0
274,7,Junior,Summer Semester,ARC 399,Summer Training,0,0,2,0
275,7,Senior,Semester 1,ARC 401,Senior Project Preparation and Programming,3,0,3,0
276,7,Senior,Semester 1,ARC 402,Architectural Design Studio VII,0,10,5,0
277,7,Senior,Semester 1,ARC 358,Real Estate and Housing Development,3,0,3,0
278,7,Senior,Semester 2,ARC 403,Architectural Design Studio VIII: Senior Project,0,10,5,0
279,7,Senior,Semester 2,ARC 492,Professional Practice and Management,3,0,3,0
280,27,Freshman,Semester 1,CHEM 101,Principles of Chemical Science I,3,3,4,2
281,27,Freshman,Semester 1,ENGL 101,Introduction to Academic Discourse,3,0,3,2
282,27,Freshman,Semester 1,IAS 121,Language Foundation,2,0,2,2
283,27,Freshman,Semester 1,MATH 101,Calculus I,4,0,4,2
284,27,Freshman,Semester 1,PE 101,Physical Education III,0,2,1,2
285,27,Freshman,Semester 1,PHYS 101,General Physics I,3,3,4,2
286,27,Freshman,Semester 2,CHEM 102,Principles of Chemical Science II,3,4,4,2
287,27,Freshman,Semester 2,ENGL 102,Introduction to Argument Writing,3,0,3,2
288,27,Freshman,Semester 2,ICS 104,Introduction to Programming in Python and C,2,3,3,2
289,27,Freshman,Semester 2,MATH 102,Calculus II,4,0,4,2
290,27,Freshman,Semester 2,PHYS 102,General Physics II,3,3,4,2
291,27,Sophomore,Semester 1,CHE 200,Principles of Chemical Engineering,3,0,3,2
292,27,Sophomore,Semester 1,IAS 111,Belief and its Consequences,2,0,2,2
293,27,Sophomore,Semester 1,ISE 291,Introduction to Data Science,3,0,3,2
294,27,Sophomore,Semester 1,MATH 201,Calculus III,3,0,3,2
295,27,Sophomore,Semester 1,CHEM 201,Organic Chemistry I,3,0,3,2
296,27,Sophomore,Semester 1,CHEM 202,Organic Chemistry Laboratory,0,4,1,2
297,27,Sophomore,Semester 2,CHE 204,Fluid Mechanics,3,0,3,2
298,27,Sophomore,Semester 2,CHE 212,Introduction to Chemical Engineering Computing,1,3,2,2
299,27,Sophomore,Semester 2,COE 292,Introduction to Artificial Intelligence,3,0,3,2
300,27,Sophomore,Semester 2,ENGL 214,Academic & Professional Communication,3,0,3,2
301,27,Sophomore,Semester 2,MATH 208,Differential Equations and Linear Algebra,3,0,3,2
302,27,Sophomore,Semester 2,MSE 207,Materials Science for CHE,2,0,2,2
303,27,Junior,Semester 1,CHE 300,Heat Transfer,3,0,3,2
304,27,Junior,Semester 1,CHE 303,Chemical Engineering Thermodynamics,3,0,3,2
305,27,Junior,Semester 1,CHE 304,Mass Transfer,3,0,3,2
306,27,Junior,Semester 1,IAS 212,Ethics and Governance,2,0,2,2
307,27,Junior,Semester 1,CHEM 311,Physical Chemistry II: Kinetics and Spectroscopy,3,0,3,2
308,27,Junior,Semester 1,CHEM 312,Kinetics and Spectroscopy Laboratory,0,4,1,2
309,27,Junior,Semester 2,BUS 200,Business & Entrepreneurship,3,0,3,2
310,27,Junior,Semester 2,CHE 306,Separation Processes,3,0,3,2
311,27,Junior,Semester 2,CHE 309,Chemical Engineering Laboratory I,0,6,2,2
312,27,Junior,Semester 2,CHE 360,Numerical Methods in Chemical Engineering,3,0,3,2
313,27,Junior,Semester 2,STAT 201,Probability and Statistics for Engineers and Scientists,3,1,3,2
314,27,Junior,Semester 2,CGS 392,Career Essentials,0,2,1,2
315,27,Junior,Summer Semester,CHE 399,Summer Training,0,0,1,2
316,27,Senior,Semester 1,CHE 401,Process Dynamics and Control,3,0,3,2
317,27,Senior,Semester 1,CHE 402,Kinetics and Reactor Design,3,0,3,2
318,27,Senior,Semester 1,CHE 405,Process Design and Economics,3,0,3,2
319,27,Senior,Semester 1,CHE 411,Senior Design Project I,0,1,0,2
320,27,Senior,Semester 2,CHE 409,Chemical Engineering Laboratory II,0,6,2,2
321,27,Senior,Semester 2,CHE 412,Senior Design Project II,0,6,3,2
322,8,Freshman,Semester 1,CHEM 101,Principles of Chemical Science I,3,3,4,2
323,8,Freshman,Semester 1,ENGL 101,Introduction to Academic Discourse,3,0,3,2
324,8,Freshman,Semester 1,IAS 121,Language Foundation,2,0,2,2
325,8,Freshman,Semester 1,MATH 101,Calculus I,4,0,4,2
326,8,Freshman,Semester 1,PHYS 101,General Physics I,3,3,4,2
327,8,Freshman,Semester 2,IAS 111,Belief and its Consequences,2,0,2,2
328,8,Freshman,Semester 2,ENGL 102,Introduction to Argument Writing,3,0,3,2
329,8,Freshman,Semester 2,ICS 104,Introduction to Programming in Python and C,2,3,3,2
330,8,Freshman,Semester 2,MATH 102,Calculus II,4,0,4,2
331,8,Freshman,Semester 2,PE 101,Physical Education III,0,2,1,2
332,8,Freshman,Semester 2,PHYS 102,General Physics II,3,3,4,2
333,8,Sophomore,Semester 1,CE 201,Statics,3,0,3,2
334,8,Sophomore,Semester 1,CE 216,Computer Graphics,1,3,2,2
335,8,Sophomore,Semester 1,CE 261,Surveying I,1,3,2,2
336,8,Sophomore,Semester 1,ENGL 214,Academic & Professional Communication,3,0,3,2
337,8,Sophomore,Semester 1,ISE 291,Introduction to Data Science,3,0,3,2
338,8,Sophomore,Semester 1,MATH 201,Calculus III,3,0,3,2
339,8,Sophomore,Semester 2,CE 203,Structural Mechanics I,3,0,3,2
340,8,Sophomore,Semester 2,CE 204,Civil Engineering Materials,3,0,3,2
341,8,Sophomore,Semester 2,CE 230,Engineering Fluid Mechanics,3,0,3,2
342,8,Sophomore,Semester 2,COE 292,Introduction to Artificial Intelligence,3,0,3,2
343,8,Sophomore,Semester 2,MATH 208,Differential Equations and Linear Algebra,3,0,3,2
344,8,Sophomore,Semester 2,CE 206,Civil Engineering Materials Laboratory,0,3,1,2
345,8,Junior,Semester 1,BUS 200,Business & Entrepreneurship,3,0,3,2
346,8,Junior,Semester 1,CE 305,Structural Analysis I,3,0,3,2
347,8,Junior,Semester 1,CE 318,Numerical & Statistical Methodes in Civil Engineering,2,3,3,2
348,8,Junior,Semester 1,CE 330,Environmental Engineering Principles,3,0,3,2
349,8,Junior,Semester 1,CE 375,Environmental Chemistry Laboratory,0,3,1,2
350,8,Junior,Semester 1,IAS 212,Ethics and Governance,2,0,2,2
351,8,Junior,Semester 2,CE 315,Reinforced Concrete I,2,3,3,2
352,8,Junior,Semester 2,CE 354,Introduction to Geotechnical Engineering,3,0,3,2
353,8,Junior,Semester 2,CE 356,Geotechnical Engineering Lab,0,3,1,2
354,8,Junior,Semester 2,CGS 392,Career Essentials,0,2,1,2
355,8,Junior,Summer Semester,CE 399,Summer Training,0,0,1,2
356,8,Senior,Semester 1,CE 410,Senior Design Project I,0,1,0,2
357,8,Senior,Semester 1,CE 335,Engineering Hydrology,2,3,3,2
358,8,Senior,Semester 1,CE 341,Transportation Engineering,3,0,3,2
359,8,Senior,Semester 1,CE 343,Transportation Engineering Lab,0,3,1,2
360,8,Senior,Semester 1,CE 422,Construction Management and Economy,3,0,3,2
361,8,Senior,Semester 2,CE 412,Senior Design Project II,0,6,3,2
362,24,Freshman,Semester 1,MATH 101,Calculus I,4,0,4,1
363,24,Freshman,Semester 1,PHYS 101,General Physics I,3,3,4,1
364,24,Freshman,Semester 1,CHEM 101,Principles of Chemical Science I,3,3,4,1
365,24,Freshman,Semester 1,ENGL 101,Introduction to Academic Discourse,3,0,3,1
366,24,Freshman,Semester 1,ICS 104,Introduction to Programming in Python and C,2,3,3,1
367,24,Freshman,Semester 2,MATH 102,Calculus II,4,0,4,1
368,24,Freshman,Semester 2,PHYS 102,General Physics II,3,3,4,1
369,24,Freshman,Semester 2,ENGL 102,Introduction to Argument Writing,3,0,3,1
370,24,Freshman,Semester 2,ICS 108,Object-Oriented Programming,3,3,4,1
371,24,Freshman,Semester 2,IAS 111,Belief and its Consequences,2,0,2,1
372,24,Freshman,Semester 2,PE 101,Physical Education III,0,2,1,1
373,24,Sophomore,Semester 1,ISE 291,Introduction to Data Science,3,0,3,1
374,24,Sophomore,Semester 1,COE 202,Digital Logic Design,3,0,3,1
375,24,Sophomore,Semester 1,COE 203,Digital Logic Laboratory,0,3,1,1
376,24,Sophomore,Semester 1,ICS 202,Data Structures and Algorithms,3,3,4,1
377,24,Sophomore,Semester 1,MATH 201,Calculus III,3,0,3,1
378,24,Sophomore,Semester 1,IAS 121,Language Foundation,2,0,2,1
379,24,Sophomore,Semester 2,COE 292,Introduction to Artificial Intelligence,3,0,3,1
380,24,Sophomore,Semester 2,COE 301,Computer Organization,3,3,4,1
381,24,Sophomore,Semester 2,COE 241,Data and Computer Communications,3,0,3,1
382,24,Sophomore,Semester 2,STAT 201,Probability and Statistics for Engineers and Scientists,3,1,3,1
383,24,Sophomore,Semester 2,ICS 253,Discrete Structures,3,0,3,1
384,24,Sophomore,Semester 2,IAS 212,Ethics and Governance,2,0,2,1
385,24,Junior,Semester 1,COE 302,Design and Modeling of Digital Systems,3,0,3,1
386,24,Junior,Semester 1,COE 344,Computer Networks,3,3,4,1
387,24,Junior,Semester 1,MATH 208,Differential Equations and Linear Algebra,3,0,3,1
388,24,Junior,Semester 1,EE 236,Electronic Circuits (Non-EE students),3,0,3,1
389,24,Junior,Semester 1,EE 237,Electronic Circuits Lab (Non-EE students),0,3,1,1
390,24,Junior,Semester 1,ENGL 214,Academic & Professional Communication,3,0,3,1
391,24,Junior,Semester 2,COE 306,Introduction to Embedded Systems,3,3,4,1
392,24,Junior,Semester 2,COE 346,Computer & Network Security,3,0,3,1
393,24,Junior,Semester 2,COE 384,Fundamentals of Computer Engineering Design,3,3,4,1
394,24,Junior,Semester 2,BUS 200,Business & Entrepreneurship,3,0,3,1
395,24,Junior,Semester 2,CGS 392,Career Essentials,0,2,1,1
396,24,Senior,Semester 1,COE 398,Internship,0,0,6,1
397,24,Senior,Semester 1,COE 411,Senior Design Project I,0,1,0,1
398,24,Senior,Semester 2,COE 412,Senior Design Project II,0,6,3,1
399,24,Senior,Semester 2,ICS 433,Operating Systems,3,1,3,1
400,24,Freshman,Semester 1,MATH 101,Calculus I,4,0,4,2
401,24,Freshman,Semester 1,PHYS 101,General Physics I,3,3,4,2
402,24,Freshman,Semester 1,CHEM 101,Principles of Chemical Science I,3,3,4,2
403,24,Freshman,Semester 1,ENGL 101,Introduction to Academic Discourse,3,0,3,2
404,24,Freshman,Semester 1,ICS 104,Introduction to Programming in Python and C,2,3,3,2
405,24,Freshman,Semester 2,MATH 102,Calculus II,4,0,4,2
406,24,Freshman,Semester 2,PHYS 102,General Physics II,3,3,4,2
407,24,Freshman,Semester 2,ENGL 102,Introduction to Argument Writing,3,0,3,2
408,24,Freshman,Semester 2,ICS 108,Object-Oriented Programming,3,3,4,2
409,24,Freshman,Semester 2,IAS 111,Belief and its Consequences,2,0,2,2
410,24,Freshman,Semester 2,PE 101,Physical Education III,0,2,1,2
411,24,Sophomore,Semester 1,ISE 291,Introduction to Data Science,3,0,3,2
412,24,Sophomore,Semester 1,COE 202,Digital Logic Design,3,0,3,2
413,24,Sophomore,Semester 1,COE 203,Digital Logic Laboratory,0,3,1,2
414,24,Sophomore,Semester 1,ICS 202,Data Structures and Algorithms,3,3,4,2
415,24,Sophomore,Semester 1,MATH 201,Calculus III,3,0,3,2
416,24,Sophomore,Semester 1,IAS 121,Language Foundation,2,0,2,2
417,24,Sophomore,Semester 2,COE 292,Introduction to Artificial Intelligence,3,0,3,2
418,24,Sophomore,Semester 2,COE 301,Computer Organization,3,3,4,2
419,24,Sophomore,Semester 2,COE 241,Data and Computer Communications,3,0,3,2
420,24,Sophomore,Semester 2,STAT 201,Probability and Statistics for Engineers and Scientists,3,1,3,2
421,24,Sophomore,Semester 2,ICS 253,Discrete Structures,3,0,3,2
422,24,Junior,Semester 1,COE 302,Design and Modeling of Digital Systems,3,0,3,2
423,24,Junior,Semester 1,COE 344,Computer Networks,3,3,4,2
424,24,Junior,Semester 1,MATH 208,Differential Equations and Linear Algebra,3,0,3,2
425,24,Junior,Semester 1,EE 236,Electronic Circuits (Non-EE students),3,0,3,2
426,24,Junior,Semester 1,EE 237,Electronic Circuits Lab (Non-EE students),0,3,1,2
427,24,Junior,Semester 1,ENGL 214,Academic & Professional Communication,3,0,3,2
428,24,Junior,Semester 2,COE 306,Introduction to Embedded Systems,3,3,4,2
429,24,Junior,Semester 2,COE 346,Computer & Network Security,3,0,3,2
430,24,Junior,Semester 2,COE 384,Fundamentals of Computer Engineering Design,3,3,4,2
431,24,Junior,Semester 2,BUS 200,Business & Entrepreneurship,3,0,3,2
432,24,Junior,Semester 2,CGS 392,Career Essentials,0,2,1,2
433,24,Junior,Summer Semester,COE 399,Summer Training,0,0,1,2
434,24,Senior,Semester 1,COE 411,Senior Design Project I,0,1,0,2
435,24,Senior,Semester 1,ICS 433,Operating Systems,3,1,3,2
436,24,Senior,Semester 1,IAS 212,Ethics and Governance,2,0,2,2
437,24,Senior,Semester 2,COE 412,Senior Design Project II,0,6,3,2
438,49,Freshman,Semester 1,ENGL 101,Introduction to Academic Discourse,3,0,3,1
439,49,Freshman,Semester 1,IAS 121,Language Foundation,2,0,2,1
440,49,Freshman,Semester 1,ICS 104,Introduction to Programming in Python and C,2,3,3,1
441,49,Freshman,Semester 1,MATH 101,Calculus I,4,0,4,1
442,49,Freshman,Semester 1,PE 101,Physical Education III,0,2,1,1
443,49,Freshman,Semester 1,PHYS 101,General Physics I,3,3,4,1
444,49,Freshman,Semester 2,ENGL 102,Introduction to Argument Writing,3,0,3,1
445,49,Freshman,Semester 2,IAS 111,Belief and its Consequences,2,0,2,1
446,49,Freshman,Semester 2,ICS 108,Object-Oriented Programming,3,3,4,1
447,49,Freshman,Semester 2,MATH 102,Calculus II,4,0,4,1
448,49,Freshman,Semester 2,PHYS 102,General Physics II,3,3,4,1
449,49,Sophomore,Semester 1,COE 202,Digital Logic Design,3,0,3,1
450,49,Sophomore,Semester 1,COE 203,Digital Logic Laboratory,0,3,1,1
451,49,Sophomore,Semester 1,ISE 291,Introduction to Data Science,3,0,3,1
452,49,Sophomore,Semester 1,ICS 202,Data Structures and Algorithms,3,3,4,1
453,49,Sophomore,Semester 1,MATH 208,Differential Equations and Linear Algebra,3,0,3,1
454,49,Sophomore,Semester 1,SWE 206,Introduction to Software Engineering,2,3,3,1
455,49,Sophomore,Semester 2,CHEM 101,Principles of Chemical Science I,3,3,4,1
456,49,Sophomore,Semester 2,COE 301,Computer Organization,3,3,4,1
457,49,Sophomore,Semester 2,COE 292,Introduction to Artificial Intelligence,3,0,3,1
458,49,Sophomore,Semester 2,ICS 253,Discrete Structures,3,0,3,1
459,49,Sophomore,Semester 2,MATH 201,Calculus III,3,0,3,1
460,49,Junior,Semester 1,ENGL 214,Academic & Professional Communication,3,0,3,1
461,49,Junior,Semester 1,IAS 212,Ethics and Governance,2,0,2,1
462,49,Junior,Semester 1,ICS 321,Database Systems,3,0,3,1
463,49,Junior,Semester 1,ICS 343,Fundamentals of Computer Networks,3,3,4,1
464,49,Junior,Semester 1,STAT 201,Probability and Statistics for Engineers and Scientists,3,1,3,1
465,49,Junior,Semester 1,SWE 363,Web Engineering & Development,3,0,3,1
466,49,Junior,Semester 2,BUS 200,Business & Entrepreneurship,3,0,3,1
467,49,Junior,Semester 2,ICS 344,Information Security,3,0,3,1
468,49,Junior,Semester 2,ICS 353,Design and Analysis of Algorithms,3,0,3,1
469,49,Junior,Semester 2,ICS 381,Principles of Artificial Intelligence,3,0,3,1
470,49,Junior,Semester 2,CGS 392,Career Essentials,0,2,1,1
471,49,Senior,Semester 1,ICS 398,Internship,0,0,6,1
472,49,Senior,Semester 1,ICS 413,Senior Project I,0,1,0,1
473,49,Senior,Semester 2,ICS 410,Programming Languages,3,0,3,1
474,49,Senior,Semester 2,ICS 414,Senior Project II,0,6,3,1
475,49,Senior,Semester 2,ICS 433,Operating Systems,3,1,3,1
476,49,Freshman,Semester 1,ENGL 101,Introduction to Academic Discourse,3,0,3,2
477,49,Freshman,Semester 1,IAS 121,Language Foundation,2,0,2,2
478,49,Freshman,Semester 1,ICS 104,Introduction to Programming in Python and C,2,3,3,2
479,49,Freshman,Semester 1,MATH 101,Calculus I,4,0,4,2
480,49,Freshman,Semester 1,PE 101,Physical Education III,0,2,1,2
481,49,Freshman,Semester 1,PHYS 101,General Physics I,3,3,4,2
482,49,Freshman,Semester 2,ENGL 102,Introduction to Argument Writing,3,0,3,2
483,49,Freshman,Semester 2,IAS 111,Belief and its Consequences,2,0,2,2
484,49,Freshman,Semester 2,ICS 108,Object-Oriented Programming,3,3,4,2
485,49,Freshman,Semester 2,MATH 102,Calculus II,4,0,4,2
486,49,Freshman,Semester 2,PHYS 102,General Physics II,3,3,4,2
487,49,Sophomore,Semester 1,COE 202,Digital Logic Design,3,0,3,2
488,49,Sophomore,Semester 1,COE 203,Digital Logic Laboratory,0,3,1,2
489,49,Sophomore,Semester 1,ISE 291,Introduction to Data Science,3,0,3,2
490,49,Sophomore,Semester 1,ICS 202,Data Structures and Algorithms,3,3,4,2
491,49,Sophomore,Semester 1,MATH 208,Differential Equations and Linear Algebra,3,0,3,2
492,49,Sophomore,Semester 1,SWE 206,Introduction to Software Engineering,2,3,3,2
493,49,Sophomore,Semester 2,CHEM 101,Principles of Chemical Science I,3,3,4,2
494,49,Sophomore,Semester 2,COE 301,Computer Organization,3,3,4,2
495,49,Sophomore,Semester 2,COE 292,Introduction to Artificial Intelligence,3,0,3,2
496,49,Sophomore,Semester 2,ICS 253,Discrete Structures,3,0,3,2
497,49,Sophomore,Semester 2,MATH 201,Calculus III,3,0,3,2
498,49,Junior,Semester 1,ENGL 214,Academic & Professional Communication,3,0,3,2
499,49,Junior,Semester 1,ICS 321,Database Systems,3,0,3,2
500,49,Junior,Semester 1,ICS 343,Fundamentals of Computer Networks,3,3,4,2
501,49,Junior,Semester 1,STAT 201,Probability and Statistics for Engineers and Scientists,3,1,3,2
502,49,Junior,Semester 1,SWE 363,Web Engineering & Development,3,0,3,2
503,49,Junior,Semester 2,BUS 200,Business & Entrepreneurship,3,0,3,2
504,49,Junior,Semester 2,IAS 212,Ethics and Governance,2,0,2,2
505,49,Junior,Semester 2,ICS 344,Information Security,3,0,3,2
506,49,Junior,Semester 2,ICS 353,Design and Analysis of Algorithms,3,0,3,2
507,49,Junior,Semester 2,ICS 381,Principles of Artificial Intelligence,3,0,3,2
508,49,Junior,Semester 2,CGS 392,Career Essentials,0,2,1,2
509,49,Junior,Summer Semester,ICS 399,Summer Training,0,0,1,2
510,49,Senior,Semester 1,ICS 410,Programming Languages,3,0,3,2
511,49,Senior,Semester 1,ICS 413,Senior Project I,0,1,0,2
512,49,Senior,Semester 1,ICS 433,Operating Systems,3,1,3,2
513,49,Senior,Semester 2,ICS 414,Senior Project II,0,6,3,2
514,18,Freshman,Semester 1,MATH 101,Calculus I,4,0,4,1
515,18,Freshman,Semester 1,PHYS 101,General Physics I,3,3,4,1
516,18,Freshman,Semester 1,ENGL 101,Introduction to Academic Discourse,3,0,3,1
517,18,Freshman,Semester 1,ICS 104,Introduction to Programming in Python and C,2,3,3,1
518,18,Freshman,Semester 1,IAS 121,Language Foundation,2,0,2,1
519,18,Freshman,Semester 1,PE 101,Physical Education III,0,2,1,1
520,18,Freshman,Semester 2,MATH 102,Calculus II,4,0,4,1
521,18,Freshman,Semester 2,PHYS 102,General Physics II,3,3,4,1
522,18,Freshman,Semester 2,ENGL 102,Introduction to Argument Writing,3,0,3,1
523,18,Freshman,Semester 2,IAS 111,Belief and its Consequences,2,0,2,1
524,18,Freshman,Semester 2,CHEM 101,Principles of Chemical Science I,3,3,4,1
525,18,Sophomore,Semester 1,ISE 291,Introduction to Data Science,3,0,3,1
526,18,Sophomore,Semester 1,MATH 201,Calculus III,3,0,3,1
527,18,Sophomore,Semester 1,EE 201,Electric Circuits I,3,0,3,1
528,18,Sophomore,Semester 1,ENGL 214,Academic & Professional Communication,3,0,3,1
529,18,Sophomore,Semester 1,ME 203,Thermodynamics I,3,0,3,1
530,18,Sophomore,Semester 1,BUS 200,Business & Entrepreneurship,3,0,3,1
531,18,Sophomore,Semester 2,COE 292,Introduction to Artificial Intelligence,3,0,3,1
532,18,Sophomore,Semester 2,MATH 208,Differential Equations and Linear Algebra,3,0,3,1
533,18,Sophomore,Semester 2,CIE 204,Digital Systems Design,2,3,3,1
534,18,Sophomore,Semester 2,EE 203,Electronics I,3,0,3,1
535,18,Sophomore,Semester 2,ISE 205,Engineering Probability and Statistics,3,0,3,1
536,18,Sophomore,Semester 2,IAS 212,Ethics and Governance,2,0,2,1
537,18,Junior,Semester 1,CIE 305,Linear Control Systems,3,0,3,1
538,18,Junior,Semester 1,CIE 306,Linear Control Systems Lab,0,3,1,1
539,18,Junior,Semester 1,ISE 307,Engineering Economic Analysis,3,0,3,1
540,18,Junior,Semester 1,CIE 312,Instrumentation Engineering,2,3,3,1
541,18,Junior,Semester 1,CIE 315,Signals and Systems,3,0,3,1
542,18,Junior,Semester 1,CIE 410,Automation Devices and Electronics,2,3,3,1
543,18,Junior,Semester 2,CIE 301,Numerical Methods,3,0,3,1
544,18,Junior,Semester 2,CIE 316,Control Systems Design,2,3,3,1
545,18,Junior,Semester 2,CIE 318,Computer Control Systems,2,3,3,1
546,18,Junior,Semester 2,CIE 390,Seminars,0,0,0,1
547,18,Junior,Semester 2,CGS 392,Career Essentials,0,2,1,1
548,18,Junior,Semester 2,EE 237,Electronic Circuits Lab (Non-EE students),0,3,1,1
549,18,Senior,Semester 1,CIE 398,Internship,0,0,6,1
550,18,Senior,Semester 1,CIE 411,Senior Design Project I,0,1,0,1
551,18,Senior,Semester 2,CIE 412,Mechatronics,2,3,3,1
552,18,Senior,Semester 2,CIE 413,Senior Design Project II,0,6,3,1
553,18,Senior,Semester 2,CIE 418,Industrial Process Control,3,0,3,1
554,18,Senior,Semester 2,CIE 438,Instrumentation for Process Control,2,3,3,1
555,18,Freshman,Semester 1,MATH 101,Calculus I,4,0,4,2
556,18,Freshman,Semester 1,PHYS 101,General Physics I,3,3,4,2
557,18,Freshman,Semester 1,ENGL 101,Introduction to Academic Discourse,3,0,3,2
558,18,Freshman,Semester 1,ICS 104,Introduction to Programming in Python and C,2,3,3,2
559,18,Freshman,Semester 1,PE 101,Physical Education III,0,2,1,2
560,18,Freshman,Semester 2,MATH 102,Calculus II,4,0,4,2
561,18,Freshman,Semester 2,PHYS 102,General Physics II,3,3,4,2
562,18,Freshman,Semester 2,ENGL 102,Introduction to Argument Writing,3,0,3,2
563,18,Freshman,Semester 2,IAS 121,Language Foundation,2,0,2,2
564,18,Freshman,Semester 2,CHEM 101,Principles of Chemical Science I,3,3,4,2
565,18,Sophomore,Semester 1,ISE 291,Introduction to Data Science,3,0,3,2
566,18,Sophomore,Semester 1,MATH 201,Calculus III,3,0,3,2
567,18,Sophomore,Semester 1,EE 201,Electric Circuits I,3,0,3,2
568,18,Sophomore,Semester 1,ENGL 214,Academic & Professional Communication,3,0,3,2
569,18,Sophomore,Semester 1,ME 203,Thermodynamics I,3,0,3,2
570,18,Sophomore,Semester 1,IAS 111,Belief and its Consequences,2,0,2,2
571,18,Sophomore,Semester 2,COE 292,Introduction to Artificial Intelligence,3,0,3,2
572,18,Sophomore,Semester 2,MATH 208,Differential Equations and Linear Algebra,3,0,3,2
573,18,Sophomore,Semester 2,CIE 204,Digital Systems Design,2,3,3,2
574,18,Sophomore,Semester 2,EE 203,Electronics I,3,0,3,2
575,18,Sophomore,Semester 2,ISE 205,Engineering Probability and Statistics,3,0,3,2
576,18,Sophomore,Semester 2,IAS 212,Ethics and Governance,2,0,2,2
577,18,Junior,Semester 1,CIE 305,Linear Control Systems,3,0,3,2
578,18,Junior,Semester 1,CIE 306,Linear Control Systems Lab,0,3,1,2
579,18,Junior,Semester 1,ISE 307,Engineering Economic Analysis,3,0,3,2
580,18,Junior,Semester 1,CIE 312,Instrumentation Engineering,2,3,3,2
581,18,Junior,Semester 1,CIE 315,Signals and Systems,3,0,3,2
582,18,Junior,Semester 2,CIE 301,Numerical Methods,3,0,3,2
583,18,Junior,Semester 2,CIE 316,Control Systems Design,2,3,3,2
584,18,Junior,Semester 2,CIE 318,Computer Control Systems,2,3,3,2
585,18,Junior,Semester 2,BUS 200,Business & Entrepreneurship,3,0,3,2
586,18,Junior,Semester 2,CIE 390,Seminars,0,0,0,2
587,18,Junior,Semester 2,CGS 392,Career Essentials,0,2,1,2
588,18,Junior,Semester 2,EE 237,Electronic Circuits Lab (Non-EE students),0,3,1,2
589,18,Junior,Summer Semester,CIE 399,Summer training,0,0,1,2
590,18,Senior,Semester 1,CIE 410,Automation Devices and Electronics,2,3,3,2
591,18,Senior,Semester 1,CIE 411,Senior Design Project I,0,1,0,2
592,18,Senior,Semester 2,CIE 412,Mechatronics,2,3,3,2
593,18,Senior,Semester 2,CIE 413,Senior Design Project II,0,6,3,2
594,18,Senior,Semester 2,CIE 418,Industrial Process Control,3,0,3,2
595,18,Senior,Semester 2,CIE 438,Instrumentation for Process Control,2,3,3,2
596,16,Freshman,Semester 1,CHEM 101,Principles of Chemical Science I,3,3,4,1
597,16,Freshman,Semester 1,ENGL 101,Introduction to Academic Discourse,3,0,3,1
598,16,Freshman,Semester 1,IAS 121,Language Foundation,2,0,2,1
599,16,Freshman,Semester 1,MATH 101,Calculus I,4,0,4,1
600,16,Freshman,Semester 1,PHYS 101,General Physics I,3,3,4,1
601,16,Freshman,Semester 2,IAS 111,Belief and its Consequences,2,0,2,1
602,16,Freshman,Semester 2,ICS 104,Introduction to Programming in Python and C,2,3,3,1
603,16,Freshman,Semester 2,MATH 102,Calculus II,4,0,4,1
604,16,Freshman,Semester 2,PE 101,Physical Education III,0,2,1,1
605,16,Freshman,Semester 2,PHYS 102,General Physics II,3,3,4,1
606,16,Freshman,Semester 2,ENGL 102,Introduction to Argument Writing,3,0,3,1
607,16,Sophomore,Semester 1,COE 202,Digital Logic Design,3,0,3,1
608,16,Sophomore,Semester 1,EE 201,Electric Circuits I,3,0,3,1
609,16,Sophomore,Semester 1,ENGL 214,Academic & Professional Communication,3,0,3,1
610,16,Sophomore,Semester 1,IAS 212,Ethics and Governance,2,0,2,1
611,16,Sophomore,Semester 1,ISE 291,Introduction to Data Science,3,0,3,1
612,16,Sophomore,Semester 1,MATH 201,Calculus III,3,0,3,1
613,16,Sophomore,Semester 2,COE 292,Introduction to Artificial Intelligence,3,0,3,1
614,16,Sophomore,Semester 2,EE 203,Electronics I,3,0,3,1
615,16,Sophomore,Semester 2,EE 207,Signals and Systems,3,0,3,1
616,16,Sophomore,Semester 2,EE 213,Electrical Circuits II,2,0,2,1
617,16,Sophomore,Semester 2,EE 271,Electrical Circuits II Lab,0,3,1,1
618,16,Sophomore,Semester 2,EE 272,Analog and Digital Electronics Lab,0,3,1,1
619,16,Sophomore,Semester 2,MATH 208,Differential Equations and Linear Algebra,3,0,3,1
620,16,Junior,Semester 1,EE 303,Electronics II,3,0,3,1
621,16,Junior,Semester 1,EE 315,Probabilistic Methods in Electrical Engineering,3,0,3,1
622,16,Junior,Semester 1,EE 360,Electric Energy Engineering,3,0,3,1
623,16,Junior,Semester 1,EE 390,Digital Systems Engineering,3,0,3,1
624,16,Junior,Semester 1,PHYS 305,Electricity and Magnetism I,3,0,3,1
625,16,Junior,Semester 2,BUS 200,Business & Entrepreneurship,3,0,3,1
626,16,Junior,Semester 2,EE 311,Fundamentals of EE Design,3,0,3,1
627,16,Junior,Semester 2,EE 340,Electromagnetic Waves and Applications,3,0,3,1
628,16,Junior,Semester 2,EE 370,Communications Engineering,3,0,3,1
629,16,Junior,Semester 2,EE 380,Control Engineering I,3,0,3,1
630,16,Junior,Semester 2,CGS 392,Career Essentials,0,2,1,1
631,16,Senior,Semester 1,EE 398,Electrical Engineering Internship,0,0,6,1
632,16,Senior,Semester 1,EE 411,Senior Design Project,0,1,0,1
633,16,Senior,Semester 2,EE 412,Senior Design Project II,0,6,3,1
634,16,Freshman,Semester 1,CHEM 101,Principles of Chemical Science I,3,3,4,1
635,16,Freshman,Semester 1,ENGL 101,Introduction to Academic Discourse,3,0,3,1
636,16,Freshman,Semester 1,IAS 121,Language Foundation,2,0,2,1
637,16,Freshman,Semester 1,MATH 101,Calculus I,4,0,4,1
638,16,Freshman,Semester 1,PHYS 101,General Physics I,3,3,4,1
639,16,Freshman,Semester 2,IAS 111,Belief and its Consequences,2,0,2,1
640,16,Freshman,Semester 2,ICS 104,Introduction to Programming in Python and C,2,3,3,1
641,16,Freshman,Semester 2,MATH 102,Calculus II,4,0,4,1
642,16,Freshman,Semester 2,PE 101,Physical Education III,0,2,1,1
643,16,Freshman,Semester 2,PHYS 102,General Physics II,3,3,4,1
644,16,Freshman,Semester 2,ENGL 102,Introduction to Argument Writing,3,0,3,1
645,16,Sophomore,Semester 1,COE 202,Digital Logic Design,3,0,3,1
646,16,Sophomore,Semester 1,EE 201,Electric Circuits I,3,0,3,1
647,16,Sophomore,Semester 1,ENGL 214,Academic & Professional Communication,3,0,3,1
648,16,Sophomore,Semester 1,ISE 291,Introduction to Data Science,3,0,3,1
649,16,Sophomore,Semester 1,MATH 201,Calculus III,3,0,3,1
650,16,Sophomore,Semester 2,COE 292,Introduction to Artificial Intelligence,3,0,3,1
651,16,Sophomore,Semester 2,EE 203,Electronics I,3,0,3,1
652,16,Sophomore,Semester 2,EE 207,Signals and Systems,3,0,3,1
653,16,Sophomore,Semester 2,EE 213,Electrical Circuits II,2,0,2,1
654,16,Sophomore,Semester 2,EE 271,Electrical Circuits II Lab,0,3,1,1
655,16,Sophomore,Semester 2,EE 272,Analog and Digital Electronics Lab,0,3,1,1
656,16,Sophomore,Semester 2,MATH 208,Differential Equations and Linear Algebra,3,0,3,1
657,16,Junior,Semester 1,EE 303,Electronics II,3,0,3,1
658,16,Junior,Semester 1,EE 315,Probabilistic Methods in Electrical Engineering,3,0,3,1
659,16,Junior,Semester 1,EE 360,Electric Energy Engineering,3,0,3,1
660,16,Junior,Semester 1,EE 390,Digital Systems Engineering,3,0,3,1
661,16,Junior,Semester 1,PHYS 305,Electricity and Magnetism I,3,0,3,1
662,16,Junior,Semester 2,BUS 200,Business & Entrepreneurship,3,0,3,1
663,16,Junior,Semester 2,EE 311,Fundamentals of EE Design,3,0,3,1
664,16,Junior,Semester 2,EE 340,Electromagnetic Waves and Applications,3,0,3,1
665,16,Junior,Semester 2,EE 370,Communications Engineering,3,0,3,1
666,16,Junior,Semester 2,EE 380,Control Engineering I,3,0,3,1
667,16,Junior,Semester 2,CGS 392,Career Essentials,0,2,1,1
668,16,Junior,Summer Semester,EE 399,Summer Training,0,0,1,1
669,16,Senior,Semester 1,EE 411,Senior Design Project,0,1,0,1
670,16,Senior,Semester 1,IAS 212,Ethics and Governance,2,0,2,1
671,16,Senior,Semester 2,EE 412,Senior Design Project II,0,6,3,1
672,16,Freshman,Semester 1,CHEM 101,Principles of Chemical Science I,3,3,4,0
673,16,Freshman,Semester 1,ENGL 101,Introduction to Academic Discourse,3,0,3,0
674,16,Freshman,Semester 1,MATH 101,Calculus I,4,0,4,0
675,16,Freshman,Semester 1,PHYS 101,General Physics I,3,3,4,0
676,16,Freshman,Semester 1,PE 101,Physical Education III,0,2,1,0
677,16,Freshman,Semester 2,ENGL 102,Introduction to Argument Writing,3,0,3,0
678,16,Freshman,Semester 2,IAS 111,Belief and its Consequences,2,0,2,0
679,16,Freshman,Semester 2,ICS 104,Introduction to Programming in Python and C,2,3,3,0
680,16,Freshman,Semester 2,MATH 102,Calculus II,4,0,4,0
681,16,Freshman,Semester 2,PHYS 102,General Physics II,3,3,4,0
682,16,Sophomore,Semester 1,EE 201,Electric Circuits I,3,0,3,0
683,16,Sophomore,Semester 1,ENGL 214,Academic & Professional Communication,3,0,3,0
684,16,Sophomore,Semester 1,ISE 291,Introduction to Data Science,3,0,3,0
685,16,Sophomore,Semester 1,MATH 201,Calculus III,3,0,3,0
686,16,Sophomore,Semester 1,IAS 121,Language Foundation,2,0,2,0
687,16,Sophomore,Semester 1,PHYS 204,General Physics III,3,0,3,0
688,16,Sophomore,Semester 1,PHYS 205,General Physics III LAB,0,3,1,0
689,16,Sophomore,Semester 2,COE 292,Introduction to Artificial Intelligence,3,0,3,0
690,16,Sophomore,Semester 2,EE 207,Signals and Systems,3,0,3,0
691,16,Sophomore,Semester 2,EE 213,Electrical Circuits II,2,0,2,0
692,16,Sophomore,Semester 2,COE 202,Digital Logic Design,3,0,3,0
693,16,Sophomore,Semester 2,MATH 208,Differential Equations and Linear Algebra,3,0,3,0
694,16,Sophomore,Semester 2,IAS 212,Ethics and Governance,2,0,2,0
695,16,Junior,Semester 1,EE 203,Electronics I,3,0,3,0
696,16,Junior,Semester 1,EE 315,Probabilistic Methods in Electrical Engineering,3,0,3,0
697,16,Junior,Semester 1,EE 272,Analog and Digital Electronics Lab,0,3,1,0
698,16,Junior,Semester 1,PHYS 300,Classical Mechanics I,4,0,4,0
699,16,Junior,Semester 1,PHYS 305,Electricity and Magnetism I,3,0,3,0
700,16,Junior,Semester 1,EE 390,Digital Systems Engineering,3,0,3,0
701,16,Junior,Semester 2,BUS 200,Business & Entrepreneurship,3,0,3,0
702,16,Junior,Semester 2,EE 303,Electronics II,3,0,3,0
703,16,Junior,Semester 2,EE 311,Fundamentals of EE Design,3,0,3,0
704,16,Junior,Semester 2,EE 340,Electromagnetic Waves and Applications,3,0,3,0
705,16,Junior,Semester 2,PHYS 310,Quantum Mechanics and Applications I,3,0,3,0
706,16,Junior,Summer Semester,EE 399,Summer Training,0,0,1,0
707,16,Senior,Semester 1,EE 411,Senior Design Project,0,1,0,0
708,16,Senior,Semester 1,CGS 392,Career Essentials,0,2,1,0
709,16,Senior,Semester 1,PHYS 403,Senior Physics Laboratory,0,6,2,0
710,16,Senior,Semester 2,EE 412,Senior Design Project II,0,6,3,0
711,16,Senior,Semester 2,PHYS 430,Thermal & Statistical Physics,3,0,3,0
712,2,Freshman,Semester 1,ENGL 102,Introduction to Argument Writing,3,0,3,2
713,2,Freshman,Semester 1,MATH 105,Finite Mathematics,3,0,3,2
714,2,Freshman,Semester 1,ACCT 110,Introduction to Financial Accounting,3,0,3,2
715,2,Freshman,Semester 1,ECON 101,Principles Of Microeconomics,3,0,3,2
716,2,Freshman,Semester 1,BUS 200,Business & Entrepreneurship,3,0,3,2
717,2,Freshman,Semester 1,IAS 111,Belief and its Consequences,2,0,2,2
718,2,Freshman,Semester 1,MIS 101,Business Computing,0,3,1,2
719,2,Freshman,Semester 2,ENGL 102,Introduction to Argument Writing,3,0,3,2
720,2,Freshman,Semester 2,MATH 106,Calculus for Business,3,0,3,2
721,2,Freshman,Semester 2,ACCT 210,Introduction to Managerial Accounting,3,0,3,2
722,2,Freshman,Semester 2,ECON 102,Principles of Macroeconomics,3,0,3,2
723,2,Freshman,Semester 2,ICS 104,Introduction to Programming in Python and C,2,3,3,2
724,2,Freshman,Semester 2,MIS 215,Principles of Management Information Systems,3,0,3,2
725,2,Sophomore,Semester 1,ENGL 214,Academic & Professional Communication,3,0,3,2
726,2,Sophomore,Semester 1,FIN 250,Financial Management,3,0,3,2
727,2,Sophomore,Semester 1,STAT 211,Statistics for Business I,3,0,3,2
728,2,Sophomore,Semester 1,IAS 121,Language Foundation,2,0,2,2
729,2,Sophomore,Semester 1,MGT 301,Principles of Management,3,0,3,2
730,2,Sophomore,Semester 1,ACCT 301,Intermediate Accounting I,3,0,3,2
731,2,Sophomore,Semester 1,PE 101,Physical Education III,0,2,1,2
732,2,Sophomore,Semester 2,MGT 210,Business Communication,3,0,3,2
733,2,Sophomore,Semester 2,MKT 250,Principles of Marketing,3,0,3,2
734,2,Sophomore,Semester 2,STAT 212,Statistics for Business II,3,0,3,2
735,2,Sophomore,Semester 2,OM 210,Operations Management,3,0,3,2
736,2,Sophomore,Semester 2,ISE 291,Introduction to Data Science,3,0,3,2
737,2,Sophomore,Semester 2,FIN 315,Corporate Finance,3,0,3,2
738,2,Junior,Semester 1,OM 311,Business Analytics,3,0,3,2
739,2,Junior,Semester 1,COE 292,Introduction to Artificial Intelligence,3,0,3,2
740,2,Junior,Semester 1,ECON 306,Economy of Saudi Arabia,3,0,3,2
741,2,Junior,Semester 1,FIN 320,Investments,3,0,3,2
742,2,Junior,Semester 2,MGT 355,Business Research Methods,3,0,3,2
743,2,Junior,Semester 2,CGS 392,Career Essentials,0,2,1,2
744,2,Junior,Semester 2,IAS 212,Ethics and Governance,2,0,2,2
745,2,Junior,Semester 2,FIN 425,Financial Modeling,3,0,3,2
746,2,Senior,Semester 1,FIN 398,Internship,0,0,6,2
747,2,Senior,Semester 2,MGT 449,Strategic Management,3,0,3,2
748,2,Senior,Semester 2,IAS 418,Contemporary Financial Transactions in Islam,2,0,2,2
749,2,Senior,Semester 2,FIN 450,Financial Policy,3,0,3,2
750,12,Freshman,Semester 1,GEOL 102,Principles of Geology,2,0,2,0
751,12,Freshman,Semester 1,GEOL 103,Principles of Geology - Lab,0,3,1,0
752,12,Freshman,Semester 1,PETE 101,Introduction to the Petroleum Industry,2,0,2,0
753,12,Freshman,Semester 1,MATH 101,Calculus I,4,0,4,0
754,12,Freshman,Semester 1,PHYS 101,General Physics I,3,3,4,0
755,12,Freshman,Semester 1,ENGL 101,Introduction to Academic Discourse,3,0,3,0
756,12,Freshman,Semester 1,PE 101,Physical Education III,0,2,1,0
757,12,Freshman,Semester 2,GEOP 102,Essentials of Geophysics,2,0,2,0
758,12,Freshman,Semester 2,MATH 102,Calculus II,4,0,4,0
759,12,Freshman,Semester 2,PHYS 102,General Physics II,3,3,4,0
760,12,Freshman,Semester 2,CHEM 101,Principles of Chemical Science I,3,3,4,0
761,12,Freshman,Semester 2,ENGL 102,Introduction to Argument Writing,3,0,3,0
762,12,Freshman,Summer Semester,CPG 199,Summer Camp,0,0,1,0
763,12,Sophomore,Semester 1,GEOL 213,Earth History and Paleontology,2,3,3,0
764,12,Sophomore,Semester 1,GEOL 217,Mineralogy and Optical Mineralogy,2,3,3,0
765,12,Sophomore,Semester 1,CHEM 102,Principles of Chemical Science II,3,4,4,0
766,12,Sophomore,Semester 1,IAS 121,Language Foundation,2,0,2,0
767,12,Sophomore,Semester 1,ICS 104,Introduction to Programming in Python and C,2,3,3,0
768,12,Sophomore,Semester 2,ENGL 214,Academic & Professional Communication,3,0,3,0
769,12,Sophomore,Semester 2,GEOL 220,Petrology,2,3,3,0
770,12,Sophomore,Semester 2,GEOL 270,Sedimentology & Stratigraphy,2,3,3,0
771,12,Sophomore,Semester 2,BUS 200,Business & Entrepreneurship,3,0,3,0
772,12,Sophomore,Semester 2,IAS 111,Belief and its Consequences,2,0,2,0
773,12,Sophomore,Summer Semester,GEOL 399,Summer Training,0,0,1,0
774,12,Junior,Semester 1,GEOL 354,Computational Methods in Geology,2,3,3,0
775,12,Junior,Semester 1,ISE 291,Introduction to Data Science,3,0,3,0
776,12,Junior,Semester 1,GEOL 305,Structural Geology,2,3,3,0
777,12,Junior,Semester 2,GEOL 318,Regional Geology,3,0,3,0
778,12,Junior,Semester 2,IAS 212,Ethics and Governance,2,0,2,0
779,12,Junior,Semester 2,COE 292,Introduction to Artificial Intelligence,3,0,3,0
780,12,Junior,Semester 2,CGS 392,Career Essentials,0,2,1,0
781,12,Junior,Semester 2,GEOL 315,Petroleum Geology,3,0,3,0
782,12,Junior,Summer Semester,GEOL 430,Field Geology,0,12,4,0
783,12,Senior,Semester 1,GEOL 411,Senior Design Project I,0,1,0,0
784,12,Senior,Semester 1,CPG 498,Integrated Reservoir Studies,0,6,2,0
785,12,Senior,Semester 1,GEOL 499,Geology Seminar,1,0,1,0
786,12,Senior,Semester 1,GEOP 416,Seismic Data Interpretation,3,0,3,0
787,12,Senior,Semester 1,GEOL 465,Subsurface Geology,3,0,3,0
788,12,Senior,Semester 2,GEOL 412,Senior Design Project II,0,6,3,0
789,13,Freshman,Semester 1,GEOL 102,Principles of Geology,2,0,2,0
790,13,Freshman,Semester 1,GEOL 103,Principles of Geology - Lab,0,3,1,0
791,13,Freshman,Semester 1,PETE 101,Introduction to the Petroleum Industry,2,0,2,0
792,13,Freshman,Semester 1,MATH 101,Calculus I,4,0,4,0
793,13,Freshman,Semester 1,PHYS 101,General Physics I,3,3,4,0
794,13,Freshman,Semester 1,ENGL 101,Introduction to Academic Discourse,3,0,3,0
795,13,Freshman,Semester 1,PE 101,Physical Education III,0,2,1,0
796,13,Freshman,Semester 2,GEOP 102,Essentials of Geophysics,2,0,2,0
797,13,Freshman,Semester 2,MATH 102,Calculus II,4,0,4,0
798,13,Freshman,Semester 2,PHYS 102,General Physics II,3,3,4,0
799,13,Freshman,Semester 2,CHEM 101,Principles of Chemical Science I,3,3,4,0
800,13,Freshman,Semester 2,ENGL 102,Introduction to Argument Writing,3,0,3,0
801,13,Freshman,Summer Semester,CPG 199,Summer Camp,0,0,1,0
802,13,Sophomore,Semester 1,GEOP 215,Introduction to Seismic Exploration,3,0,3,0
803,13,Sophomore,Semester 1,ICS 104,Introduction to Programming in Python and C,2,3,3,0
804,13,Sophomore,Semester 1,MATH 201,Calculus III,3,0,3,0
805,13,Sophomore,Semester 1,PHYS 204,General Physics III,3,0,3,0
806,13,Sophomore,Semester 1,PHYS 205,General Physics III LAB,0,3,1,0
807,13,Sophomore,Semester 1,IAS 121,Language Foundation,2,0,2,0
808,13,Sophomore,Semester 2,BUS 200,Business & Entrepreneurship,3,0,3,0
809,13,Sophomore,Semester 2,GEOP 204,Introduction to Seismology,3,0,3,0
810,13,Sophomore,Semester 2,PHYS 210,Methods of Theoretical Physics,3,0,3,0
811,13,Sophomore,Semester 2,IAS 111,Belief and its Consequences,2,0,2,0
812,13,Sophomore,Semester 2,MATH 208,Differential Equations and Linear Algebra,3,0,3,0
813,13,Sophomore,Semester 2,ENGL 214,Academic & Professional Communication,3,0,3,0
814,13,Sophomore,Summer Semester,GEOP 399,Summer Training,0,0,1,0
815,13,Junior,Semester 1,GEOP 205,Computational Geophysics,3,0,3,0
816,13,Junior,Semester 1,GEOL 305,Structural Geology,2,3,3,0
817,13,Junior,Semester 1,GEOL 345,Integrated Petroleum Geology,2,3,3,0
818,13,Junior,Semester 1,ISE 291,Introduction to Data Science,3,0,3,0
819,13,Junior,Semester 1,PHYS 305,Electricity and Magnetism I,3,0,3,0
820,13,Junior,Semester 2,GEOP 304,Gravity and Magnetic Exploration,3,0,3,0
821,13,Junior,Semester 2,GEOP 320,Seismic Data Processing,2,3,3,0
822,13,Junior,Semester 2,GEOP 353,Electrical and Electromagnetic Exploration,3,0,3,0
823,13,Junior,Semester 2,IAS 212,Ethics and Governance,2,0,2,0
824,13,Junior,Semester 2,COE 292,Introduction to Artificial Intelligence,3,0,3,0
825,13,Junior,Semester 2,CGS 392,Career Essentials,0,2,1,0
826,13,Junior,Summer Semester,GEOP 490,Geophysics Field Camp,0,9,3,0
827,13,Senior,Semester 1,GEOP 411,Senior Design Project i,0,1,0,0
828,13,Senior,Semester 1,CPG 498,Integrated Reservoir Studies,0,6,2,0
829,13,Senior,Semester 2,GEOP 412,Senior Design Project II,0,6,3,0
830,13,Senior,Semester 2,GEOP 499,Seminar,1,0,1,0
831,20,Freshman,Semester 1,MATH 101,Calculus I,4,0,4,1
832,20,Freshman,Semester 1,PHYS 101,General Physics I,3,3,4,1
833,20,Freshman,Semester 1,ENGL 101,Introduction to Academic Discourse,3,0,3,1
834,20,Freshman,Semester 1,CHEM 101,Principles of Chemical Science I,3,3,4,1
835,20,Freshman,Semester 1,IAS 121,Language Foundation,2,0,2,1
836,20,Freshman,Semester 1,PE 101,Physical Education III,0,2,1,1
837,20,Freshman,Semester 2,MATH 102,Calculus II,4,0,4,1
838,20,Freshman,Semester 2,PHYS 102,General Physics II,3,3,4,1
839,20,Freshman,Semester 2,ENGL 102,Introduction to Argument Writing,3,0,3,1
840,20,Freshman,Semester 2,ICS 104,Introduction to Programming in Python and C,2,3,3,1
841,20,Freshman,Semester 2,IAS 111,Belief and its Consequences,2,0,2,1
842,20,Freshman,Semester 2,CE 101,Engineering Graphics,1,3,2,1
843,20,Sophomore,Semester 1,ISE 291,Introduction to Data Science,3,0,3,1
844,20,Sophomore,Semester 1,MATH 201,Calculus III,3,0,3,1
845,20,Sophomore,Semester 1,MSE 201,Introduction to Materials,3,0,3,1
846,20,Sophomore,Semester 1,MSE 202,Materials Lab,0,3,1,1
847,20,Sophomore,Semester 1,ENGL 214,Academic & Professional Communication,3,0,3,1
848,20,Sophomore,Semester 1,ISE 205,Engineering Probability and Statistics,3,0,3,1
849,20,Sophomore,Semester 2,COE 292,Introduction to Artificial Intelligence,3,0,3,1
850,20,Sophomore,Semester 2,MATH 208,Differential Equations and Linear Algebra,3,0,3,1
851,20,Sophomore,Semester 2,ME 322,Manufacturing Processes,3,0,3,1
852,20,Sophomore,Semester 2,ME 323,Manufacturing Lab,0,3,1,1
853,20,Sophomore,Semester 2,ISE 315,Engineering Statistics,3,0,3,1
854,20,Sophomore,Semester 2,EE 236,Electronic Circuits (Non-EE students),3,0,3,1
855,20,Sophomore,Semester 2,IAS 212,Ethics and Governance,2,0,2,1
856,20,Junior,Semester 1,ISE 303,Operation Research I,3,0,3,1
857,20,Junior,Semester 1,ISE 320,Quality Control and Industrial Statistics,3,0,3,1
858,20,Junior,Semester 1,CIE 301,Numerical Methods,3,0,3,1
859,20,Junior,Semester 1,CIE 305,Linear Control Systems,3,0,3,1
860,20,Junior,Semester 1,ISE 499,Seminars,1,0,0,1
861,20,Junior,Semester 2,ISE 307,Engineering Economic Analysis,3,0,3,1
862,20,Junior,Semester 2,ISE 321,Optimization Methods,3,0,3,1
863,20,Junior,Semester 2,ISE 324,Work and Process Improvements,2,0,2,1
864,20,Junior,Semester 2,ISE 391,Industrial Engineering Design,1,3,2,1
865,20,Junior,Semester 2,ISE 402,Production Systems and Inventory Control,3,0,3,1
866,20,Junior,Semester 2,BUS 200,Business & Entrepreneurship,3,0,3,1
867,20,Junior,Semester 2,CGS 392,Career Essentials,0,2,1,1
868,20,Senior,Semester 1,ISE 398,Internship,0,0,6,1
869,20,Senior,Semester 1,ISE 411,Senior Design Project I,0,1,0,1
870,20,Senior,Semester 2,ISE 405,Stochastic Systems Simulation,2,3,3,1
871,20,Senior,Semester 2,ISE 422,Facility Layout and Location,3,0,3,1
872,20,Senior,Semester 2,ISE 412,Senior Design Project II,0,6,3,1
873,20,Freshman,Semester 1,MATH 101,Calculus I,4,0,4,2
874,20,Freshman,Semester 1,PHYS 101,General Physics I,3,3,4,2
875,20,Freshman,Semester 1,ENGL 101,Introduction to Academic Discourse,3,0,3,2
876,20,Freshman,Semester 1,CHEM 101,Principles of Chemical Science I,3,3,4,2
877,20,Freshman,Semester 1,IAS 121,Language Foundation,2,0,2,2
878,20,Freshman,Semester 1,PE 101,Physical Education III,0,2,1,2
879,20,Freshman,Semester 2,MATH 102,Calculus II,4,0,4,2
880,20,Freshman,Semester 2,PHYS 102,General Physics II,3,3,4,2
881,20,Freshman,Semester 2,ENGL 102,Introduction to Argument Writing,3,0,3,2
882,20,Freshman,Semester 2,ICS 104,Introduction to Programming in Python and C,2,3,3,2
883,20,Freshman,Semester 2,IAS 111,Belief and its Consequences,2,0,2,2
884,20,Freshman,Semester 2,CE 101,Engineering Graphics,1,3,2,2
885,20,Sophomore,Semester 1,ISE 291,Introduction to Data Science,3,0,3,2
886,20,Sophomore,Semester 1,MATH 201,Calculus III,3,0,3,2
887,20,Sophomore,Semester 1,MSE 201,Introduction to Materials,3,0,3,2
888,20,Sophomore,Semester 1,MSE 202,Materials Lab,0,3,1,2
889,20,Sophomore,Semester 1,ENGL 214,Academic & Professional Communication,3,0,3,2
890,20,Sophomore,Semester 1,ISE 205,Engineering Probability and Statistics,3,0,3,2
891,20,Sophomore,Semester 2,COE 292,Introduction to Artificial Intelligence,3,0,3,2
892,20,Sophomore,Semester 2,MATH 208,Differential Equations and Linear Algebra,3,0,3,2
893,20,Sophomore,Semester 2,ME 322,Manufacturing Processes,3,0,3,2
894,20,Sophomore,Semester 2,ME 323,Manufacturing Lab,0,3,1,2
895,20,Sophomore,Semester 2,ISE 315,Engineering Statistics,3,0,3,2
896,20,Sophomore,Semester 2,EE 236,Electronic Circuits (Non-EE students),3,0,3,2
897,20,Sophomore,Semester 2,IAS 212,Ethics and Governance,2,0,2,2
898,20,Junior,Semester 1,ISE 303,Operation Research I,3,0,3,2
899,20,Junior,Semester 1,ISE 320,Quality Control and Industrial Statistics,3,0,3,2
900,20,Junior,Semester 1,ISE 324,Work and Process Improvements,2,0,2,2
901,20,Junior,Semester 1,CIE 301,Numerical Methods,3,0,3,2
902,20,Junior,Semester 1,CIE 305,Linear Control Systems,3,0,3,2
903,20,Junior,Semester 2,ISE 307,Engineering Economic Analysis,3,0,3,2
904,20,Junior,Semester 2,ISE 321,Optimization Methods,3,0,3,2
905,20,Junior,Semester 2,ISE 391,Industrial Engineering Design,1,3,2,2
906,20,Junior,Semester 2,BUS 200,Business & Entrepreneurship,3,0,3,2
907,20,Junior,Semester 2,ISE 499,Seminars,1,0,0,2
908,20,Junior,Semester 2,CGS 392,Career Essentials,0,2,1,2
909,20,Junior,Summer Semester,ISE 399,Summer Training,0,0,1,2
910,20,Senior,Semester 1,ISE 402,Production Systems and Inventory Control,3,0,3,2
911,20,Senior,Semester 1,ISE 405,Stochastic Systems Simulation,2,3,3,2
912,20,Senior,Semester 1,ISE 411,Senior Design Project I,0,1,0,2
913,20,Senior,Semester 2,ISE 422,Facility Layout and Location,3,0,3,2
914,20,Senior,Semester 2,ISE 412,Senior Design Project II,0,6,3,2
915,10,Freshman,Semester 1,MATH 101,Calculus I,4,0,4,0
916,10,Freshman,Semester 1,PHYS 101,General Physics I,3,3,4,0
917,10,Freshman,Semester 1,ENGL 101,Introduction to Academic Discourse,3,0,3,0
918,10,Freshman,Semester 1,IAS 111,Belief and its Consequences,2,0,2,0
919,10,Freshman,Semester 1,PE 101,Physical Education III,0,2,1,0
920,10,Freshman,Semester 2,ITD 101,Design Survey,2,4,4,0
921,10,Freshman,Semester 2,MATH 102,Calculus II,4,0,4,0
922,10,Freshman,Semester 2,ICS 104,Introduction to Programming in Python and C,2,3,3,0
923,10,Freshman,Semester 2,ENGL 102,Introduction to Argument Writing,3,0,3,0
924,10,Freshman,Semester 2,IAS 121,Language Foundation,2,0,2,0
925,10,Sophomore,Semester 1,ITD 202,Design Ideation,2,4,4,0
926,10,Sophomore,Semester 1,ITD 211,Digital Visualization I,0,6,3,0
927,10,Sophomore,Semester 1,CE 202,Statics & Strength of Materials,3,0,3,0
928,10,Sophomore,Semester 1,ISE 291,Introduction to Data Science,3,0,3,0
929,10,Sophomore,Semester 1,ENGL 214,Academic & Professional Communication,3,0,3,0
930,10,Sophomore,Semester 2,ITD 203,Design Application,2,4,4,0
931,10,Sophomore,Semester 2,ITD 212,Digital Visualization II,0,6,3,0
932,10,Sophomore,Semester 2,ISE 205,Engineering Probability and Statistics,3,0,3,0
933,10,Sophomore,Semester 2,COE 292,Introduction to Artificial Intelligence,3,0,3,0
934,10,Sophomore,Semester 2,IAS 212,Ethics and Governance,2,0,2,0
935,10,Junior,Semester 1,ITD 304,Function & Usability,2,4,4,0
936,10,Junior,Semester 1,ITD 313,Prototyping and Fabrication,0,6,3,0
937,10,Junior,Semester 1,SWE 363,Web Engineering & Development,3,0,3,0
938,10,Junior,Semester 1,BUS 200,Business & Entrepreneurship,3,0,3,0
939,10,Junior,Semester 2,ITD 305,Emotional Design and Design for Aging,2,4,4,0
940,10,Junior,Semester 2,ITD 314,XR Representations I,0,6,3,0
941,10,Junior,Semester 2,ISE 307,Engineering Economic Analysis,3,0,3,0
942,10,Junior,Semester 2,SWE 387,Software Project Management,3,0,3,0
943,10,Junior,Semester 2,CGS 392,Career Essentials,0,2,1,0
944,10,Junior,Summer Semester,ITD 399,Summer Training,0,0,1,0
945,10,Senior,Semester 1,ITD 406,Sandbox Exploration,2,5,5,0
946,10,Senior,Semester 1,ITD 415,XR representations II,0,6,3,0
947,10,Senior,Semester 2,ITD 407,Design for Social Innovation,2,0,5,0
948,4,Freshman,Semester 1,ENGL 101,Introduction to Academic Discourse,3,0,3,2
949,4,Freshman,Semester 1,MATH 105,Finite Mathematics,3,0,3,2
950,4,Freshman,Semester 1,ACCT 110,Introduction to Financial Accounting,3,0,3,2
951,4,Freshman,Semester 1,ECON 101,Principles Of Microeconomics,3,0,3,2
952,4,Freshman,Semester 1,BUS 200,Business & Entrepreneurship,3,0,3,2
953,4,Freshman,Semester 1,IAS 111,Belief and its Consequences,2,0,2,2
954,4,Freshman,Semester 1,MIS 101,Business Computing,0,3,1,2
955,4,Freshman,Semester 2,ENGL 102,Introduction to Argument Writing,3,0,3,2
956,4,Freshman,Semester 2,MATH 106,Calculus for Business,3,0,3,2
957,4,Freshman,Semester 2,ACCT 210,Introduction to Managerial Accounting,3,0,3,2
958,4,Freshman,Semester 2,ECON 102,Principles of Macroeconomics,3,0,3,2
959,4,Freshman,Semester 2,ICS 104,Introduction to Programming in Python and C,2,3,3,2
960,4,Freshman,Semester 2,MIS 215,Principles of Management Information Systems,3,0,3,2
961,4,Sophomore,Semester 1,ENGL 214,Academic & Professional Communication,3,0,3,2
962,4,Sophomore,Semester 1,FIN 250,Financial Management,3,0,3,2
963,4,Sophomore,Semester 1,STAT 211,Statistics for Business I,3,0,3,2
964,4,Sophomore,Semester 1,IAS 121,Language Foundation,2,0,2,2
965,4,Sophomore,Semester 1,MGT 301,Principles of Management,3,0,3,2
966,4,Sophomore,Semester 1,PE 101,Physical Education III,0,2,1,2
967,4,Sophomore,Semester 1,MIS 301,Systems Analysis & Design,2,2,3,2
968,4,Sophomore,Semester 2,MGT 210,Business Communication,3,0,3,2
969,4,Sophomore,Semester 2,MKT 250,Principles of Marketing,3,0,3,2
970,4,Sophomore,Semester 2,STAT 212,Statistics for Business II,3,0,3,2
971,4,Sophomore,Semester 2,OM 210,Operations Management,3,0,3,2
972,4,Sophomore,Semester 2,ISE 291,Introduction to Data Science,3,0,3,2
973,4,Sophomore,Semester 2,ECON 306,Economy of Saudi Arabia,3,0,3,2
974,4,Junior,Semester 1,OM 311,Business Analytics,3,0,3,2
975,4,Junior,Semester 1,COE 292,Introduction to Artificial Intelligence,3,0,3,2
976,4,Junior,Semester 1,COE 353,Fundamentals of Computer Communications,3,0,3,2
977,4,Junior,Semester 1,MIS 311,Business Data Management,2,2,3,2
978,4,Junior,Semester 2,MGT 355,Business Research Methods,3,0,3,2
979,4,Junior,Semester 2,CGS 392,Career Essentials,0,2,1,2
980,4,Junior,Semester 2,IAS 212,Ethics and Governance,2,0,2,2
981,4,Junior,Semester 2,MIS 405,IS Project Management,3,0,3,2
982,4,Senior,Semester 1,MIS 398,Internship,0,0,6,2
983,4,Senior,Semester 2,MGT 449,Strategic Management,3,0,3,2
984,4,Senior,Semester 2,IAS 418,Contemporary Financial Transactions in Islam,2,0,2,2
985,4,Senior,Semester 2,MIS 410,Management Support Systems,2,2,3,2
986,5,Freshman,Semester 1,ENGL 101,Introduction to Academic Discourse,3,0,3,2
987,5,Freshman,Semester 1,MATH 105,Finite Mathematics,3,0,3,2
988,5,Freshman,Semester 1,ACCT 110,Introduction to Financial Accounting,3,0,3,2
989,5,Freshman,Semester 1,ECON 101,Principles Of Microeconomics,3,0,3,2
990,5,Freshman,Semester 1,BUS 200,Business & Entrepreneurship,3,0,3,2
991,5,Freshman,Semester 1,IAS 111,Belief and its Consequences,2,0,2,2
992,5,Freshman,Semester 1,MIS 101,Business Computing,0,3,1,2
993,5,Freshman,Semester 2,MATH 106,Calculus for Business,3,0,3,2
994,5,Freshman,Semester 2,ACCT 210,Introduction to Managerial Accounting,3,0,3,2
995,5,Freshman,Semester 2,ECON 102,Principles of Macroeconomics,3,0,3,2
996,5,Freshman,Semester 2,ICS 104,Introduction to Programming in Python and C,2,3,3,2
997,5,Freshman,Semester 2,MIS 215,Principles of Management Information Systems,3,0,3,2
998,5,Freshman,Semester 2,ENGL 102,Introduction to Argument Writing,3,0,3,2
999,5,Sophomore,Semester 1,ENGL 214,Academic & Professional Communication,3,0,3,2
1000,5,Sophomore,Semester 1,FIN 250,Financial Management,3,0,3,2
1001,5,Sophomore,Semester 1,STAT 211,Statistics for Business I,3,0,3,2
1002,5,Sophomore,Semester 1,IAS 121,Language Foundation,2,0,2,2
1003,5,Sophomore,Semester 1,MGT 301,Principles of Management,3,0,3,2
1004,5,Sophomore,Semester 1,PE 101,Physical Education III,0,2,1,2
1005,5,Sophomore,Semester 2,MGT 210,Business Communication,3,0,3,2
1006,5,Sophomore,Semester 2,MKT 250,Principles of Marketing,3,0,3,2
1007,5,Sophomore,Semester 2,STAT 212,Statistics for Business II,3,0,3,2
1008,5,Sophomore,Semester 2,OM 210,Operations Management,3,0,3,2
1009,5,Sophomore,Semester 2,ISE 291,Introduction to Data Science,3,0,3,2
1010,5,Sophomore,Semester 2,ECON 306,Economy of Saudi Arabia,3,0,3,2
1011,5,Junior,Semester 1,IAS 212,Ethics and Governance,2,0,2,2
1012,5,Junior,Semester 1,COE 292,Introduction to Artificial Intelligence,3,0,3,2
1013,5,Junior,Semester 1,MGT 355,Business Research Methods,3,0,3,2
1014,5,Junior,Semester 1,MKT 360,Product & Brand Management,3,0,3,2
1015,5,Junior,Semester 1,MKT 370,Integrated Marketing Communications,3,0,3,2
1016,5,Junior,Semester 1,MKT 410,Consumer Behavior,3,0,3,2
1017,5,Junior,Semester 2,CGS 392,Career Essentials,0,2,1,2
1018,5,Junior,Semester 2,OM 311,Business Analytics,3,0,3,2
1019,5,Junior,Semester 2,MKT 345,Marketing Research,3,0,3,2
1020,5,Junior,Semester 2,MKT 485,Digital Marketing,3,0,3,2
1021,5,Senior,Semester 1,MKT 398,Internship,0,0,6,2
1022,5,Senior,Semester 2,MGT 449,Strategic Management,3,0,3,2
1023,5,Senior,Semester 2,IAS 418,Contemporary Financial Transactions in Islam,2,0,2,2
1024,5,Senior,Semester 2,MKT 450,Strategic Marketing,3,0,3,2
1025,29,Freshman,Semester 1,CHEM 101,Principles of Chemical Science I,3,3,4,0
1026,29,Freshman,Semester 1,ENGL 101,Introduction to Academic Discourse,3,0,3,0
1027,29,Freshman,Semester 1,MATH 101,Calculus I,4,0,4,0
1028,29,Freshman,Semester 1,PE 101,Physical Education III,0,2,1,0
1029,29,Freshman,Semester 1,PHYS 101,General Physics I,3,3,4,0
1030,29,Freshman,Semester 2,ENGL 102,Introduction to Argument Writing,3,0,3,0
1031,29,Freshman,Semester 2,CHEM 102,Principles of Chemical Science II,3,4,4,0
1032,29,Freshman,Semester 2,MATH 102,Calculus II,4,0,4,0
1033,29,Freshman,Semester 2,PHYS 102,General Physics II,3,3,4,0
1034,29,Freshman,Semester 2,IAS 121,Language Foundation,2,0,2,0
1035,29,Sophomore,Semester 1,ICS 104,Introduction to Programming in Python and C,2,3,3,0
1036,29,Sophomore,Semester 1,ENGL 214,Academic & Professional Communication,3,0,3,0
1037,29,Sophomore,Semester 1,MATH 201,Calculus III,3,0,3,0
1038,29,Sophomore,Semester 1,MSE 201,Introduction to Materials,3,0,3,0
1039,29,Sophomore,Semester 1,MSE 202,Materials Lab,0,3,1,0
1040,29,Sophomore,Semester 1,MSE 203,Thermodynamics of Materials,3,0,3,0
1041,29,Sophomore,Semester 2,CE 202,Statics & Strength of Materials,3,0,3,0
1042,29,Sophomore,Semester 2,MATH 208,Differential Equations and Linear Algebra,3,0,3,0
1043,29,Sophomore,Semester 2,IAS 111,Belief and its Consequences,2,0,2,0
1044,29,Sophomore,Semester 2,MSE 204,Materials Structure and Defect,3,0,3,0
1045,29,Sophomore,Semester 2,MSE 205,Diffusion & Kinetics,3,0,3,0
1046,29,Sophomore,Semester 2,MSE 206,Materials Characterization,2,3,3,0
1047,29,Junior,Semester 1,MSE 303,Materials Synthesis Lab,0,3,1,0
1048,29,Junior,Semester 1,ISE 291,Introduction to Data Science,3,0,3,0
1049,29,Junior,Semester 1,EE 236,Electronic Circuits (Non-EE students),3,0,3,0
1050,29,Junior,Semester 1,EE 237,Electronic Circuits Lab (Non-EE students),0,3,1,0
1051,29,Junior,Semester 1,IAS 212,Ethics and Governance,2,0,2,0
1052,29,Junior,Semester 1,MSE 301,Engineering Metallic Materials,3,0,3,0
1053,29,Junior,Semester 1,MSE 302,Polymeric Materials,3,0,3,0
1054,29,Junior,Semester 2,BUS 200,Business & Entrepreneurship,3,0,3,0
1055,29,Junior,Semester 2,COE 292,Introduction to Artificial Intelligence,3,0,3,0
1056,29,Junior,Semester 2,CGS 392,Career Essentials,0,2,1,0
1057,29,Junior,Semester 2,MSE 304,Engineering Ceramics,3,0,3,0
1058,29,Junior,Semester 2,MSE 305,Composite Materials,3,0,3,0
1059,29,Junior,Semester 2,MSE 306,Failure of Materials & Prevention,3,0,3,0
1060,29,Junior,Semester 2,MSE 307,Materials Processing & Properties Lab,0,3,1,0
1061,29,Junior,Summer Semester,MSE 399,Summer Training,0,0,1,0
1062,29,Senior,Semester 1,STAT 201,Probability and Statistics for Engineers and Scientists,3,1,3,0
1063,29,Senior,Semester 1,MSE 401,"Electronic,Optical & Mag. Prop",3,0,3,0
1064,29,Senior,Semester 1,MSE 402,Materials Selection & Design,3,0,3,0
1065,29,Senior,Semester 1,MSE 411,Senior Design Project I,0,1,0,0
1066,29,Senior,Semester 2,MSE 412,Senior Design Project II,0,6,3,0
1067,21,Freshman,Semester 1,CHEM 101,Principles of Chemical Science I,3,3,4,0
1068,21,Freshman,Semester 1,ENGL 101,Introduction to Academic Discourse,3,0,3,0
1069,21,Freshman,Semester 1,PHYS 101,General Physics I,3,3,4,0
1070,21,Freshman,Semester 1,MATH 101,Calculus I,4,0,4,0
1071,21,Freshman,Semester 1,PE 101,Physical Education III,0,2,1,0
1072,21,Freshman,Semester 2,PHYS 102,General Physics II,3,3,4,0
1073,21,Freshman,Semester 2,MATH 102,Calculus II,4,0,4,0
1074,21,Freshman,Semester 2,ENGL 102,Introduction to Argument Writing,3,0,3,0
1075,21,Freshman,Semester 2,IAS 111,Belief and its Consequences,2,0,2,0
1076,21,Freshman,Semester 2,ICS 104,Introduction to Programming in Python and C,2,3,3,0
1077,21,Sophomore,Semester 1,MATH 201,Calculus III,3,0,3,0
1078,21,Sophomore,Semester 1,MATH 208,Differential Equations and Linear Algebra,3,0,3,0
1079,21,Sophomore,Semester 1,MATH 210,Discrete Mathematics,3,0,3,0
1080,21,Sophomore,Semester 1,ENGL 214,Academic & Professional Communication,3,0,3,0
1081,21,Sophomore,Semester 1,BUS 200,Business & Entrepreneurship,3,0,3,0
1082,21,Sophomore,Semester 2,MATH 202,Elements of Differential Equations,3,0,3,0
1083,21,Sophomore,Semester 2,MATH 225,Introduction to Linear Algebra,3,0,3,0
1084,21,Sophomore,Semester 2,STAT 201,Probability and Statistics for Engineers and Scientists,3,1,3,0
1085,21,Sophomore,Semester 2,IAS 121,Language Foundation,2,0,2,0
1086,21,Sophomore,Semester 2,ISE 291,Introduction to Data Science,3,0,3,0
1087,21,Junior,Semester 1,MATH 333,Methods of Applied Mathematics,3,0,3,0
1088,21,Junior,Semester 1,MATH 341,Real Analysis I,3,0,3,0
1089,21,Junior,Semester 1,MATH 323,Algebra I,3,0,3,0
1090,21,Junior,Semester 1,COE 292,Introduction to Artificial Intelligence,3,0,3,0
1091,21,Junior,Semester 2,MATH 441,Real Analysis II,3,0,3,0
1092,21,Junior,Semester 2,IAS 212,Ethics and Governance,2,0,2,0
1093,21,Junior,Semester 2,CGS 392,Career Essentials,0,2,1,0
1094,21,Junior,Summer Semester,MATH 399,Summer Training,0,0,2,0
1095,21,Senior,Semester 1,MATH 413,Senior Project I,0,1,0,0
1096,21,Senior,Semester 1,MATH 445,Introduction to Complex Variables,3,0,3,0
1097,21,Senior,Semester 2,MATH 414,Senior Project II,0,6,3,0
1098,21,Senior,Semester 2,MATH 453,Digital Topology,3,0,3,0
1099,21,Senior,Semester 2,MATH 490,Seminar in Mathematics,0,0,1,0
1100,30,Freshman,Semester 1,CHEM 101,Principles of Chemical Science I,3,3,4,2
1101,30,Freshman,Semester 1,ENGL 101,Introduction to Academic Discourse,3,0,3,2
1102,30,Freshman,Semester 1,IAS 121,Language Foundation,2,0,2,2
1103,30,Freshman,Semester 1,MATH 101,Calculus I,4,0,4,2
1104,30,Freshman,Semester 1,PE 101,Physical Education III,0,2,1,2
1105,30,Freshman,Semester 1,PHYS 101,General Physics I,3,3,4,2
1106,30,Freshman,Semester 2,ENGL 102,Introduction to Argument Writing,3,0,3,2
1107,30,Freshman,Semester 2,IAS 111,Belief and its Consequences,2,0,2,2
1108,30,Freshman,Semester 2,ICS 104,Introduction to Programming in Python and C,2,3,3,2
1109,30,Freshman,Semester 2,MATH 102,Calculus II,4,0,4,2
1110,30,Freshman,Semester 2,PHYS 102,General Physics II,3,3,4,2
1111,30,Sophomore,Semester 1,CE 202,Statics & Strength of Materials,3,0,3,2
1112,30,Sophomore,Semester 1,MATH 201,Calculus III,3,0,3,2
1113,30,Sophomore,Semester 1,ME 203,Thermodynamics I,3,0,3,2
1114,30,Sophomore,Semester 1,ME 210,Mechanical Engineering Drawing and Graphics,2,3,3,2
1115,30,Sophomore,Semester 1,MSE 201,Introduction to Materials,3,0,3,2
1116,30,Sophomore,Semester 1,MSE 202,Materials Lab,0,3,1,2
1117,30,Sophomore,Semester 2,ENGL 214,Academic & Professional Communication,3,0,3,2
1118,30,Sophomore,Semester 2,ISE 291,Introduction to Data Science,3,0,3,2
1119,30,Sophomore,Semester 2,MATH 208,Differential Equations and Linear Algebra,3,0,3,2
1120,30,Sophomore,Semester 2,ME 201,Dynamics,3,0,3,2
1121,30,Sophomore,Semester 2,ME 204,Thermodynamics II,3,0,3,2
1122,30,Sophomore,Semester 2,ME 218,Introduction to ME Design,1,3,2,2
1123,30,Junior,Semester 1,COE 292,Introduction to Artificial Intelligence,3,0,3,2
1124,30,Junior,Semester 1,EE 236,Electronic Circuits (Non-EE students),3,0,3,2
1125,30,Junior,Semester 1,EE 237,Electronic Circuits Lab (Non-EE students),0,3,1,2
1126,30,Junior,Semester 1,ME 301,Machine Design I,3,0,3,2
1127,30,Junior,Semester 1,ME 311,Fluid Mechanics,3,0,3,2
1128,30,Junior,Semester 1,ME 322,Manufacturing Processes,3,0,3,2
1129,30,Junior,Semester 1,ME 323,Manufacturing Lab,0,3,1,2
1130,30,Junior,Semester 2,BUS 200,Business & Entrepreneurship,3,0,3,2
1131,30,Junior,Semester 2,CGS 392,Career Essentials,0,2,1,2
1132,30,Junior,Semester 2,IAS 212,Ethics and Governance,2,0,2,2
1133,30,Junior,Semester 2,STAT 201,Probability and Statistics for Engineers and Scientists,3,1,3,2
1134,30,Junior,Semester 2,ME 302,Machine Design II,3,0,3,2
1135,30,Junior,Semester 2,ME 303,Mechanical System Design Lab,0,3,1,2
1136,30,Junior,Semester 2,ME 315,Heat Transfer,3,0,3,2
1137,30,Junior,Semester 2,ME 316,Thermo-Fluid Lab,0,3,1,2
1138,30,Junior,Summer Semester,ME 399,Summer Training,0,0,1,2
1139,30,Senior,Semester 1,MATH 371,Numerical Computing,2,2,3,2
1140,30,Senior,Semester 1,ME 401,System Dynamics & Control,3,0,3,2
1141,30,Senior,Semester 1,ME 402,Measurements and Control Laboratory,0,3,1,2
1142,30,Senior,Semester 1,ME 411,Senior Design Project I,0,1,0,2
1143,30,Senior,Semester 2,ME 412,Senior Design Project II,0,6,3,2
1144,14,Freshman,Semester 1,ENGL 101,Introduction to Academic Discourse,3,0,3,0
1145,14,Freshman,Semester 1,GEOL 102,Principles of Geology,2,0,2,0
1146,14,Freshman,Semester 1,GEOL 103,Principles of Geology - Lab,0,3,1,0
1147,14,Freshman,Semester 1,MATH 101,Calculus I,4,0,4,0
1148,14,Freshman,Semester 1,PE 101,Physical Education III,0,2,1,0
1149,14,Freshman,Semester 1,PHYS 101,General Physics I,3,3,4,0
1150,14,Freshman,Semester 1,IAS 121,Language Foundation,2,0,2,0
1151,14,Freshman,Semester 2,ICS 104,Introduction to Programming in Python and C,2,3,3,0
1152,14,Freshman,Semester 2,ENGL 102,Introduction to Argument Writing,3,0,3,0
1153,14,Freshman,Semester 2,GEOP 102,Essentials of Geophysics,2,0,2,0
1154,14,Freshman,Semester 2,MATH 102,Calculus II,4,0,4,0
1155,14,Freshman,Semester 2,PHYS 102,General Physics II,3,3,4,0
1156,14,Freshman,Summer Semester,CPG 199,Summer Camp,0,0,1,0
1157,14,Sophomore,Semester 1,ISE 291,Introduction to Data Science,3,0,3,0
1158,14,Sophomore,Semester 1,MINE 200,Introduction to Mining Industry,1,0,1,0
1159,14,Sophomore,Semester 1,CE 202,Statics & Strength of Materials,3,0,3,0
1160,14,Sophomore,Semester 1,CHEM 101,Principles of Chemical Science I,3,3,4,0
1161,14,Sophomore,Semester 1,IAS 111,Belief and its Consequences,2,0,2,0
1162,14,Sophomore,Semester 1,MATH 201,Calculus III,3,0,3,0
1163,14,Sophomore,Semester 1,CE 261,Surveying I,1,3,2,0
1164,14,Sophomore,Semester 2,COE 292,Introduction to Artificial Intelligence,3,0,3,0
1165,14,Sophomore,Semester 2,MINE 201,Intro to Mine Design Platform,0,3,1,0
1166,14,Sophomore,Semester 2,MATH 208,Differential Equations and Linear Algebra,3,0,3,0
1167,14,Sophomore,Semester 2,ENGL 214,Academic & Professional Communication,3,0,3,0
1168,14,Sophomore,Semester 2,GEOL 204,Mining Geoscience - I,2,3,3,0
1169,14,Sophomore,Semester 2,MINE 202,Introductory Statistics and Grade Estimation,3,0,3,0
1170,14,Junior,Semester 1,ME 312,Thermofluids Engineering,3,0,3,0
1171,14,Junior,Semester 1,GEOL 314,Mining Geoscience - II,2,3,3,0
1172,14,Junior,Semester 1,MINE 304,Electricity in Mines,2,0,2,0
1173,14,Junior,Semester 1,MINE 306,Mining Geomechanics,2,3,3,0
1174,14,Junior,Semester 1,MINE 334,Mine Surveying,1,0,1,0
1175,14,Junior,Semester 2,IAS 212,Ethics and Governance,2,0,2,0
1176,14,Junior,Semester 2,CGS 392,Career Essentials,0,2,1,0
1177,14,Junior,Semester 2,BUS 200,Business & Entrepreneurship,3,0,3,0
1178,14,Junior,Semester 2,MINE 305,Mine Plant Design,3,0,3,0
1179,14,Junior,Semester 2,MINE 348,Surface Mine Design,3,0,3,0
1180,14,Junior,Semester 2,MINE 353,Underground Mine Design,3,0,3,0
1181,14,Junior,Summer Semester,MINE 399,Summer Training,0,0,1,0
1182,14,Senior,Semester 1,MSE 436,Mineral Processing,2,3,3,0
1183,14,Senior,Semester 1,MINE 402,Mine Ventilation,2,3,3,0
1184,14,Senior,Semester 1,PETE 407,Petroleum Economics,3,0,3,0
1185,14,Senior,Semester 1,MINE 411,Mine Design Project I,0,0,0,0
1186,14,Senior,Semester 2,MINE 405,Sustainable Mining,2,0,2,0
1187,14,Senior,Semester 2,MINE 409,Mine Health & Safety,1,3,2,0
1188,14,Senior,Semester 2,MINE 412,Mine Design Project II,0,6,3,0
1189,15,Freshman,Semester 1,ENGL 101,Introduction to Academic Discourse,3,0,3,0
1190,15,Freshman,Semester 1,GEOL 102,Principles of Geology,2,0,2,0
1191,15,Freshman,Semester 1,MATH 101,Calculus I,4,0,4,0
1192,15,Freshman,Semester 1,PE 101,Physical Education III,0,2,1,0
1193,15,Freshman,Semester 1,PETE 101,Introduction to the Petroleum Industry,2,0,2,0
1194,15,Freshman,Semester 1,PHYS 101,General Physics I,3,3,4,0
1195,15,Freshman,Semester 2,CHEM 101,Principles of Chemical Science I,3,3,4,0
1196,15,Freshman,Semester 2,ENGL 102,Introduction to Argument Writing,3,0,3,0
1197,15,Freshman,Semester 2,GEOP 102,Essentials of Geophysics,2,0,2,0
1198,15,Freshman,Semester 2,MATH 102,Calculus II,4,0,4,0
1199,15,Freshman,Semester 2,PHYS 102,General Physics II,3,3,4,0
1200,15,Freshman,Summer Semester,CPG 199,Summer Camp,0,0,1,0
1201,15,Sophomore,Semester 1,CE 202,Statics & Strength of Materials,3,0,3,0
1202,15,Sophomore,Semester 1,IAS 121,Language Foundation,2,0,2,0
1203,15,Sophomore,Semester 1,ICS 104,Introduction to Programming in Python and C,2,3,3,0
1204,15,Sophomore,Semester 1,MATH 201,Calculus III,3,0,3,0
1205,15,Sophomore,Semester 1,PETE 202,Phase Behavior,3,0,3,0
1206,15,Sophomore,Semester 2,CHE 204,Fluid Mechanics,3,0,3,0
1207,15,Sophomore,Semester 2,ENGL 214,Academic & Professional Communication,3,0,3,0
1208,15,Sophomore,Semester 2,ISE 291,Introduction to Data Science,3,0,3,0
1209,15,Sophomore,Semester 2,IAS 111,Belief and its Consequences,2,0,2,0
1210,15,Sophomore,Semester 2,MATH 208,Differential Equations and Linear Algebra,3,0,3,0
1211,15,Sophomore,Semester 2,PETE 206,Rock and Fluid Properties,3,3,4,0
1212,15,Junior,Semester 1,GEOL 345,Integrated Petroleum Geology,2,3,3,0
1213,15,Junior,Semester 1,IAS 212,Ethics and Governance,2,0,2,0
1214,15,Junior,Semester 1,PETE 301,Reservoir Engineering,3,0,3,0
1215,15,Junior,Semester 1,PETE 311,Drilling Engineering,3,3,4,0
1216,15,Junior,Semester 1,PETE 313,Well Logging,3,0,3,0
1217,15,Junior,Semester 2,PETE 302,Well Completion,3,0,3,0
1218,15,Junior,Semester 2,COE 292,Introduction to Artificial Intelligence,3,0,3,0
1219,15,Junior,Semester 2,PETE 315,Reservoir Description,3,0,3,0
1220,15,Junior,Semester 2,PETE 306,Well Testing,3,0,3,0
1221,15,Junior,Semester 2,BUS 200,Business & Entrepreneurship,3,0,3,0
1222,15,Junior,Semester 2,CGS 392,Career Essentials,0,2,1,0
1223,15,Junior,Summer Semester,PETE 399,Summer Training,0,0,1,0
1224,15,Senior,Semester 1,PETE 411,Senior Design Project I,0,1,0,0
1225,15,Senior,Semester 1,CPG 498,Integrated Reservoir Studies,0,6,2,0
1226,15,Senior,Semester 1,PETE 402,Reservoir Simulation,2,3,3,0
1227,15,Senior,Semester 1,PETE 407,Petroleum Economics,3,0,3,0
1228,15,Senior,Semester 2,PETE 412,Senior Design Project II,0,6,3,0
1229,15,Senior,Semester 2,PETE 403,Petroleum Production Engg,3,0,3,0
1230,31,Freshman,Semester 1,CHEM 101,Principles of Chemical Science I,3,3,4,0
1231,31,Freshman,Semester 1,ENGL 101,Introduction to Academic Discourse,3,0,3,0
1232,31,Freshman,Semester 1,MATH 101,Calculus I,4,0,4,0
1233,31,Freshman,Semester 1,PE 101,Physical Education III,0,2,1,0
1234,31,Freshman,Semester 1,PHYS 101,General Physics I,3,3,4,0
1235,31,Freshman,Semester 2,ICS 104,Introduction to Programming in Python and C,2,3,3,0
1236,31,Freshman,Semester 2,ENGL 102,Introduction to Argument Writing,3,0,3,0
1237,31,Freshman,Semester 2,MATH 102,Calculus II,4,0,4,0
1238,31,Freshman,Semester 2,PHYS 102,General Physics II,3,3,4,0
1239,31,Freshman,Semester 2,IAS 111,Belief and its Consequences,2,0,2,0
1240,31,Sophomore,Semester 1,ENGL 214,Academic & Professional Communication,3,0,3,0
1241,31,Sophomore,Semester 1,IAS 121,Language Foundation,2,0,2,0
1242,31,Sophomore,Semester 1,MATH 201,Calculus III,3,0,3,0
1243,31,Sophomore,Semester 1,PHYS 204,General Physics III,3,0,3,0
1244,31,Sophomore,Semester 1,PHYS 205,General Physics III LAB,0,3,1,0
1245,31,Sophomore,Semester 1,ISE 291,Introduction to Data Science,3,0,3,0
1246,31,Sophomore,Semester 2,COE 292,Introduction to Artificial Intelligence,3,0,3,0
1247,31,Sophomore,Semester 2,MATH 208,Differential Equations and Linear Algebra,3,0,3,0
1248,31,Sophomore,Semester 2,PHYS 213,Modern Physics,3,0,3,0
1249,31,Sophomore,Semester 2,PHYS 210,Methods of Theoretical Physics,3,0,3,0
1250,31,Sophomore,Semester 2,STAT 201,Probability and Statistics for Engineers and Scientists,3,1,3,0
1251,31,Junior,Semester 1,IAS 212,Ethics and Governance,2,0,2,0
1252,31,Junior,Semester 1,PHYS 301,Classical Mechanics I,3,0,3,0
1253,31,Junior,Semester 1,PHYS 308,Electronics,3,3,4,0
1254,31,Junior,Semester 1,PHYS 305,Electricity and Magnetism I,3,0,3,0
1255,31,Junior,Semester 1,PHYS 311,Optics,3,0,3,0
1256,31,Junior,Semester 2,BUS 200,Business & Entrepreneurship,3,0,3,0
1257,31,Junior,Semester 2,PHYS 302,Classical Mechanics II,3,0,3,0
1258,31,Junior,Semester 2,PHYS 309,Experimental Physics,1,3,2,0
1259,31,Junior,Semester 2,PHYS 306,Electricity and Magnetism II,3,0,3,0
1260,31,Junior,Semester 2,PHYS 310,Quantum Mechanics and Applications I,3,0,3,0
1261,31,Junior,Semester 2,CGS 392,Career Essentials,0,2,1,0
1262,31,Junior,Summer Semester,PHYS 399,Summer Training,0,0,1,0
1263,31,Senior,Semester 1,PHYS 411,Senior Design Project I,0,1,0,0
1264,31,Senior,Semester 1,PHYS 410,Quantum Mechanics and Applications II,3,0,3,0
1265,31,Senior,Semester 1,PHYS 403,Senior Physics Laboratory,0,6,2,0
1266,31,Senior,Semester 2,PHYS 412,Senior Design Project II,0,6,3,0
1267,31,Senior,Semester 2,PHYS 430,Thermal & Statistical Physics,3,0,3,0
1268,31,Senior,Semester 2,PHYS 499,Seminar,1,0,1,0
1269,11,Freshman,Semester 1,MATH 101,Calculus I,4,0,4,0
1270,11,Freshman,Semester 1,PHYS 101,General Physics I,3,3,4,0
1271,11,Freshman,Semester 1,IAS 111,Belief and its Consequences,2,0,2,0
1272,11,Freshman,Semester 1,ENGL 101,Introduction to Academic Discourse,3,0,3,0
1273,11,Freshman,Semester 1,PE 101,Physical Education III,0,2,1,0
1274,11,Freshman,Semester 2,MATH 102,Calculus II,4,0,4,0
1275,11,Freshman,Semester 2,PHYS 102,General Physics II,3,3,4,0
1276,11,Freshman,Semester 2,IAS 121,Language Foundation,2,0,2,0
1277,11,Freshman,Semester 2,ENGL 102,Introduction to Argument Writing,3,0,3,0
1278,11,Freshman,Semester 2,ICS 104,Introduction to Programming in Python and C,2,3,3,0
1279,11,Sophomore,Semester 1,SSC 200,Visual Communication for Urban Planners,0,6,3,0
1280,11,Sophomore,Semester 1,SSC 211,Land Use & Environment,3,0,3,0
1281,11,Sophomore,Semester 1,SSC 201,Introduction to Smart & Sustainable Cities,3,0,3,0
1282,11,Sophomore,Semester 1,ISE 291,Introduction to Data Science,3,0,3,0
1283,11,Sophomore,Semester 1,ENGL 214,Academic & Professional Communication,3,0,3,0
1284,11,Sophomore,Semester 1,IAS 212,Ethics and Governance,2,0,2,0
1285,11,Sophomore,Semester 2,SSC 202,Sustainable Urbanization,3,0,3,0
1286,11,Sophomore,Semester 2,SSC 203,Humanizing the Smart City,3,0,3,0
1287,11,Sophomore,Semester 2,SSC 212,Urban Information Systems,2,2,3,0
1288,11,Sophomore,Semester 2,COE 292,Introduction to Artificial Intelligence,3,0,3,0
1289,11,Sophomore,Semester 2,STAT 201,Probability and Statistics for Engineers and Scientists,3,1,3,0
1290,11,Junior,Semester 1,SSC 304,City Design I: Spatial Analysis,1,4,3,0
1291,11,Junior,Semester 1,SSC 313,Urban System Modeling and Simulation,2,2,3,0
1292,11,Junior,Semester 1,SSC 331,Sustainable Infrastructure Systems,3,0,3,0
1293,11,Junior,Semester 1,ARC 358,Real Estate and Housing Development,3,0,3,0
1294,11,Junior,Semester 2,SSC 305,City Design II: Urban Form and Formation,1,4,3,0
1295,11,Junior,Semester 2,SSC 321,Circular Economy,3,0,3,0
1296,11,Junior,Semester 2,SSC 314,Urban Indicators Assessment,3,0,3,0
1297,11,Junior,Semester 2,CE 341,Transportation Engineering,3,0,3,0
1298,11,Junior,Semester 2,BUS 200,Business & Entrepreneurship,3,0,3,0
1299,11,Junior,Semester 2,CGS 392,Career Essentials,0,2,1,0
1300,11,Junior,Summer Semester,SSC 399,Summer Training,0,0,1,0
1301,11,Senior,Semester 1,SSC 411,Senior Design Project I,0,1,0,0
1302,11,Senior,Semester 1,SSC 406,City Design III: Digital Urban Twin,1,4,3,0
1303,11,Senior,Semester 1,SSC 433,Smart Mobility,3,0,3,0
1304,11,Senior,Semester 1,ICS 474,Big Data Analytics,3,0,3,0
1305,11,Senior,Semester 2,SSC 412,Senior Design Project II,0,6,3,0
1306,11,Senior,Semester 2,SSC 422,Management of Smart Cities & Governance,3,0,3,0
1307,11,Senior,Semester 2,SSC 434,Digital Transformation of Cities,3,0,3,0
1308,22,Freshman,Semester 1,ENGL 101,Introduction to Academic Discourse,3,0,3,0
1309,22,Freshman,Semester 1,IAS 121,Language Foundation,2,0,2,0
1310,22,Freshman,Semester 1,ICS 104,Introduction to Programming in Python and C,2,3,3,0
1311,22,Freshman,Semester 1,MATH 101,Calculus I,4,0,4,0
1312,22,Freshman,Semester 1,PHYS 101,General Physics I,3,3,4,0
1313,22,Freshman,Semester 1,PE 101,Physical Education III,0,2,1,0
1314,22,Freshman,Semester 2,ENGL 102,Introduction to Argument Writing,3,0,3,0
1315,22,Freshman,Semester 2,IAS 111,Belief and its Consequences,2,0,2,0
1316,22,Freshman,Semester 2,ICS 108,Object-Oriented Programming,3,3,4,0
1317,22,Freshman,Semester 2,MATH 102,Calculus II,4,0,4,0
1318,22,Freshman,Semester 2,PHYS 102,General Physics II,3,3,4,0
1319,22,Sophomore,Semester 1,ISE 291,Introduction to Data Science,3,0,3,0
1320,22,Sophomore,Semester 1,ICS 202,Data Structures and Algorithms,3,3,4,0
1321,22,Sophomore,Semester 1,MATH 201,Calculus III,3,0,3,0
1322,22,Sophomore,Semester 1,SWE 206,Introduction to Software Engineering,2,3,3,0
1323,22,Sophomore,Semester 2,MATH 208,Differential Equations and Linear Algebra,3,0,3,0
1324,22,Sophomore,Semester 2,COE 233,Digital Logic & Computer Organization,3,0,3,0
1325,22,Sophomore,Semester 2,COE 292,Introduction to Artificial Intelligence,3,0,3,0
1326,22,Sophomore,Semester 2,IAS 212,Ethics and Governance,2,0,2,0
1327,22,Sophomore,Semester 2,ICS 253,Discrete Structures,3,0,3,0
1328,22,Sophomore,Semester 2,SWE 216,Software Requirements Engineering,3,0,3,0
1329,22,Junior,Semester 1,ICS 321,Database Systems,3,0,3,0
1330,22,Junior,Semester 1,ICS 343,Fundamentals of Computer Networks,3,3,4,0
1331,22,Junior,Semester 1,STAT 201,Probability and Statistics for Engineers and Scientists,3,1,3,0
1332,22,Junior,Semester 1,SWE 316,Software Design and Construction,3,0,3,0
1333,22,Junior,Semester 1,ENGL 214,Academic & Professional Communication,3,0,3,0
1334,22,Junior,Semester 2,BUS 200,Business & Entrepreneurship,3,0,3,0
1335,22,Junior,Semester 2,SWE 387,Software Project Management,3,0,3,0
1336,22,Junior,Semester 2,ICS 344,Information Security,3,0,3,0
1337,22,Junior,Semester 2,SWE 326,Software Testing,3,0,3,0
1338,22,Junior,Semester 2,SWE 363,Web Engineering & Development,3,0,3,0
1339,22,Junior,Semester 2,CGS 392,Career Essentials,0,2,1,0
1340,22,Junior,Summer Semester,SWE 399,Summer Training,0,0,1,0
1341,22,Senior,Semester 1,SWE 413,Senior Design Project I,0,1,0,0
1342,22,Senior,Semester 1,SWE 439,Software Quality Engineering,3,0,3,0
1343,22,Senior,Semester 1,ICS 353,Design and Analysis of Algorithms,3,0,3,0
1344,22,Senior,Semester 2,SWE 414,Senior Project II,0,6,3,0
1345,22,Senior,Semester 2,ICS 433,Operating Systems,3,1,3,0
